"program_id","faculty","education_level","direction_code","direction_name","profile","competence_type","competence_code","competence_description"
"NSU-ММФ-01","ММФ","Бакалавриат","01.03.01","Математика","Математика","УК","УК-1","Способен осуществлять поиск, критический анализ и синтез информации, применять системный подход для решения поставленных задач"
"NSU-ММФ-01","ММФ","Бакалавриат","01.03.01","Математика","Математика","УК","УК-2","Способен определять круг задач в рамках поставленной цели и выбирать оптимальные способы их решения, исходя из действующих правовых норм, имеющихся ресурсов и ограничений"
"NSU-ММФ-01","ММФ","Бакалавриат","01.03.01","Математика","Математика","УК","УК-3","Способен осуществлять социальное взаимодействие и реализовывать свою роль в команде"
"NSU-ММФ-01","ММФ","Бакалавриат","01.03.01","Математика","Математика","УК","УК-4","Способен осуществлять деловую коммуникацию в устной и письменной формах на государственном языке Российской Федерации и иностранном(ых) языке(ах)"
"NSU-ММФ-01","ММФ","Бакалавриат","01.03.01","Математика","Математика","УК","УК-5","Способен воспринимать межкультурное разнообразие общества в социально-историческом, этическом и философском контекстах"
"NSU-ММФ-01","ММФ","Бакалавриат","01.03.01","Математика","Математика","УК","УК-6","Способен управлять своим временем, выстраивать и реализовывать траекторию саморазвития на основе принципов образования в течение всей жизни"
"NSU-ММФ-01","ММФ","Бакалавриат","01.03.01","Математика","Математика","УК","УК-7","Способен поддерживать должный уровень физической подготовленности для обеспечения полноценной социальной и профессиональной деятельности"
"NSU-ММФ-01","ММФ","Бакалавриат","01.03.01","Математика","Математика","УК","УК-8","Способен создавать и поддерживать в повседневной жизни и в профессиональной деятельности безопасные условия жизнедеятельности для сохранения природной среды, обеспечения устойчивого развития общества, в том числе при угрозе и возникновении чрезвычайных ситуаций и военных конфликтов"
"NSU-ММФ-01","ММФ","Бакалавриат","01.03.01","Математика","Математика","УК","УК-9","Способен принимать обоснованные экономические решения в различных областях жизнедеятельности"
"NSU-ММФ-01","ММФ","Бакалавриат","01.03.01","Математика","Математика","УК","УК-10","Способен формировать нетерпимое отношение к коррупционному поведению"
"NSU-ММФ-01","ММФ","Бакалавриат","01.03.01","Математика","Математика","ОПК","ОПК-1","Способен применять фундаментальные знания, полученные в области математических и (или) естественных наук, и использовать их в профессиональной деятельности"
"NSU-ММФ-01","ММФ","Бакалавриат","01.03.01","Математика","Математика","ОПК","ОПК-2","Способен применять математические методы и современные информационные технологии, использовать и создавать программные средства для решения задач профессиональной деятельности"
"NSU-ММФ-01","ММФ","Бакалавриат","01.03.01","Математика","Математика","ОПК","ОПК-3","Способен разрабатывать и анализировать математические модели, применять методы математического моделирования в профессиональной деятельности"
"NSU-ММФ-01","ММФ","Бакалавриат","01.03.01","Математика","Математика","ОПК","ОПК-4","Способен решать задачи профессиональной деятельности с использованием существующих информационно-коммуникационных технологий и с учетом основных требований информационной безопасности"
"NSU-ММФ-01","ММФ","Бакалавриат","01.03.01","Математика","Математика","ОПК","ОПК-5","Способен проводить под научным руководством исследования на основе существующих методов в конкретной области профессиональной деятельности"
"NSU-ММФ-01","ММФ","Бакалавриат","01.03.01","Математика","Математика","ОПК","ОПК-6","Способен самостоятельно представлять научные результаты, составлять научные документы и отчеты"
"NSU-ММФ-01","ММФ","Бакалавриат","01.03.01","Математика","Математика","ОПК","ОПК-7","Способен использовать в педагогической деятельности научные знания в сфере фундаментальной и прикладной математики"
"NSU-ММФ-01","ММФ","Бакалавриат","01.03.01","Математика","Математика","ПК","ПК-1","Способен осваивать и применять новые знания в области профессиональной деятельности"
"NSU-ММФ-01","ММФ","Бакалавриат","01.03.01","Математика","Математика","ПК","ПК-2","Способен применять цифровые инструменты для решения четко поставленных задач и анализировать эффективность их применения"
"NSU-ММФ-02","ММФ","Бакалавриат","01.03.01","Математика","Исследовательская группа фундаментальной математики","УК","УК-1","Способен осуществлять поиск, критический анализ и синтез информации, применять системный подход для решения поставленных задач"
"NSU-ММФ-02","ММФ","Бакалавриат","01.03.01","Математика","Исследовательская группа фундаментальной математики","УК","УК-2","Способен определять круг задач в рамках поставленной цели и выбирать оптимальные способы их решения, исходя из действующих правовых норм, имеющихся ресурсов и ограничений"
"NSU-ММФ-02","ММФ","Бакалавриат","01.03.01","Математика","Исследовательская группа фундаментальной математики","УК","УК-3","Способен осуществлять социальное взаимодействие и реализовывать свою роль в команде"
"NSU-ММФ-02","ММФ","Бакалавриат","01.03.01","Математика","Исследовательская группа фундаментальной математики","УК","УК-4","Способен осуществлять деловую коммуникацию в устной и письменной формах на государственном языке Российской Федерации и иностранном(ых) языке(ах)"
"NSU-ММФ-02","ММФ","Бакалавриат","01.03.01","Математика","Исследовательская группа фундаментальной математики","УК","УК-5","Способен воспринимать межкультурное разнообразие общества в социально-историческом, этическом и философском контекстах"
"NSU-ММФ-02","ММФ","Бакалавриат","01.03.01","Математика","Исследовательская группа фундаментальной математики","УК","УК-6","Способен управлять своим временем, выстраивать и реализовывать траекторию саморазвития на основе принципов образования в течение всей жизни"
"NSU-ММФ-02","ММФ","Бакалавриат","01.03.01","Математика","Исследовательская группа фундаментальной математики","УК","УК-7","Способен поддерживать должный уровень физической подготовленности для обеспечения полноценной социальной и профессиональной деятельности"
"NSU-ММФ-02","ММФ","Бакалавриат","01.03.01","Математика","Исследовательская группа фундаментальной математики","УК","УК-8","Способен создавать и поддерживать в повседневной жизни и в профессиональной деятельности безопасные условия жизнедеятельности для сохранения природной среды, обеспечения устойчивого развития общества, в том числе при угрозе и возникновении чрезвычайных ситуаций и военных конфликтов"
"NSU-ММФ-02","ММФ","Бакалавриат","01.03.01","Математика","Исследовательская группа фундаментальной математики","УК","УК-9","Способен принимать обоснованные экономические решения в различных областях жизнедеятельности"
"NSU-ММФ-02","ММФ","Бакалавриат","01.03.01","Математика","Исследовательская группа фундаментальной математики","УК","УК-10","Способен формировать нетерпимое отношение к коррупционному поведению"
"NSU-ММФ-02","ММФ","Бакалавриат","01.03.01","Математика","Исследовательская группа фундаментальной математики","ОПК","ОПК-1","Способен применять фундаментальные знания, полученные в области математических и (или) естественных наук, и использовать их в профессиональной деятельности"
"NSU-ММФ-02","ММФ","Бакалавриат","01.03.01","Математика","Исследовательская группа фундаментальной математики","ОПК","ОПК-2","Способен применять математические методы и современные информационные технологии, использовать и создавать программные средства для решения задач профессиональной деятельности"
"NSU-ММФ-02","ММФ","Бакалавриат","01.03.01","Математика","Исследовательская группа фундаментальной математики","ОПК","ОПК-3","Способен разрабатывать и анализировать математические модели, применять методы математического моделирования в профессиональной деятельности"
"NSU-ММФ-02","ММФ","Бакалавриат","01.03.01","Математика","Исследовательская группа фундаментальной математики","ОПК","ОПК-4","Способен решать задачи профессиональной деятельности с использованием существующих информационно-коммуникационных технологий и с учетом основных требований информационной безопасности"
"NSU-ММФ-02","ММФ","Бакалавриат","01.03.01","Математика","Исследовательская группа фундаментальной математики","ОПК","ОПК-5","Способен проводить под научным руководством исследования на основе существующих методов в конкретной области профессиональной деятельности"
"NSU-ММФ-02","ММФ","Бакалавриат","01.03.01","Математика","Исследовательская группа фундаментальной математики","ОПК","ОПК-6","Способен самостоятельно представлять научные результаты, составлять научные документы и отчеты"
"NSU-ММФ-02","ММФ","Бакалавриат","01.03.01","Математика","Исследовательская группа фундаментальной математики","ОПК","ОПК-7","Способен использовать в педагогической деятельности научные знания в сфере фундаментальной и прикладной математики"
"NSU-ММФ-02","ММФ","Бакалавриат","01.03.01","Математика","Исследовательская группа фундаментальной математики","ПК","ПК-1","Способен осваивать и применять новые знания в области профессиональной деятельности"
"NSU-ММФ-02","ММФ","Бакалавриат","01.03.01","Математика","Исследовательская группа фундаментальной математики","ПК","ПК-2","Способен применять цифровые инструменты для решения четко поставленных задач и анализировать эффективность их применения"
"NSU-ММФ-03","ММФ","Бакалавриат","01.03.02","Прикладная математика и информатика","Прикладная математика и информатика","УК","УК-1","Способен осуществлять поиск, критический анализ и синтез информации, применять системный подход для решения поставленных задач"
"NSU-ММФ-03","ММФ","Бакалавриат","01.03.02","Прикладная математика и информатика","Прикладная математика и информатика","УК","УК-2","Способен определять круг задач в рамках поставленной цели и выбирать оптимальные способы их решения, исходя из действующих правовых норм, имеющихся ресурсов и ограничений"
"NSU-ММФ-03","ММФ","Бакалавриат","01.03.02","Прикладная математика и информатика","Прикладная математика и информатика","УК","УК-3","Способен осуществлять социальное взаимодействие и реализовывать свою роль в команде"
"NSU-ММФ-03","ММФ","Бакалавриат","01.03.02","Прикладная математика и информатика","Прикладная математика и информатика","УК","УК-4","Способен осуществлять деловую коммуникацию в устной и письменной формах на государственном языке Российской Федерации и иностранном(ых) языке(ах)"
"NSU-ММФ-03","ММФ","Бакалавриат","01.03.02","Прикладная математика и информатика","Прикладная математика и информатика","УК","УК-5","Способен воспринимать межкультурное разнообразие общества в социально-историческом, этическом и философском контекстах"
"NSU-ММФ-03","ММФ","Бакалавриат","01.03.02","Прикладная математика и информатика","Прикладная математика и информатика","УК","УК-6","Способен управлять своим временем, выстраивать и реализовывать траекторию саморазвития на основе принципов образования в течение всей жизни"
"NSU-ММФ-03","ММФ","Бакалавриат","01.03.02","Прикладная математика и информатика","Прикладная математика и информатика","УК","УК-7","Способен поддерживать должный уровень физической подготовленности для обеспечения полноценной социальной и профессиональной деятельности"
"NSU-ММФ-03","ММФ","Бакалавриат","01.03.02","Прикладная математика и информатика","Прикладная математика и информатика","УК","УК-8","Способен создавать и поддерживать в повседневной жизни и в профессиональной деятельности безопасные условия жизнедеятельности для сохранения природной среды, обеспечения устойчивого развития общества, в том числе при угрозе и возникновении чрезвычайных ситуаций и военных конфликтов"
"NSU-ММФ-03","ММФ","Бакалавриат","01.03.02","Прикладная математика и информатика","Прикладная математика и информатика","УК","УК-9","Способен принимать обоснованные экономические решения в различных областях жизнедеятельности"
"NSU-ММФ-03","ММФ","Бакалавриат","01.03.02","Прикладная математика и информатика","Прикладная математика и информатика","УК","УК-10","Способен формировать нетерпимое отношение к коррупционному поведению"
"NSU-ММФ-03","ММФ","Бакалавриат","01.03.02","Прикладная математика и информатика","Прикладная математика и информатика","ОПК","ОПК-1","Способен применять фундаментальные знания, полученные в области математических и (или) естественных наук, и использовать их в профессиональной деятельности"
"NSU-ММФ-03","ММФ","Бакалавриат","01.03.02","Прикладная математика и информатика","Прикладная математика и информатика","ОПК","ОПК-2","Способен применять математические методы и современные информационные технологии, использовать и создавать программные средства для решения задач профессиональной деятельности"
"NSU-ММФ-03","ММФ","Бакалавриат","01.03.02","Прикладная математика и информатика","Прикладная математика и информатика","ОПК","ОПК-3","Способен разрабатывать и анализировать математические модели, применять методы математического моделирования в профессиональной деятельности"
"NSU-ММФ-03","ММФ","Бакалавриат","01.03.02","Прикладная математика и информатика","Прикладная математика и информатика","ОПК","ОПК-4","Способен решать задачи профессиональной деятельности с использованием существующих информационно-коммуникационных технологий и с учетом основных требований информационной безопасности"
"NSU-ММФ-03","ММФ","Бакалавриат","01.03.02","Прикладная математика и информатика","Прикладная математика и информатика","ОПК","ОПК-5","Способен проводить под научным руководством исследования на основе существующих методов в конкретной области профессиональной деятельности"
"NSU-ММФ-03","ММФ","Бакалавриат","01.03.02","Прикладная математика и информатика","Прикладная математика и информатика","ОПК","ОПК-6","Способен самостоятельно представлять научные результаты, составлять научные документы и отчеты"
"NSU-ММФ-03","ММФ","Бакалавриат","01.03.02","Прикладная математика и информатика","Прикладная математика и информатика","ПК","ПК-1","Способен осваивать и применять новые знания в области профессиональной деятельности"
"NSU-ММФ-03","ММФ","Бакалавриат","01.03.02","Прикладная математика и информатика","Прикладная математика и информатика","ПК","ПК-2","Способен применять цифровые инструменты для решения четко поставленных задач и анализировать эффективность их применения"
"NSU-ММФ-04","ММФ","Бакалавриат","01.03.02","Прикладная математика и информатика","Инженерная школа: искусственный интеллект и прикладной инжиниринг","УК","УК-1","Способен осуществлять поиск, критический анализ и синтез информации, применять системный подход для решения поставленных задач"
"NSU-ММФ-04","ММФ","Бакалавриат","01.03.02","Прикладная математика и информатика","Инженерная школа: искусственный интеллект и прикладной инжиниринг","УК","УК-2","Способен определять круг задач в рамках поставленной цели и выбирать оптимальные способы их решения, исходя из действующих правовых норм, имеющихся ресурсов и ограничений"
"NSU-ММФ-04","ММФ","Бакалавриат","01.03.02","Прикладная математика и информатика","Инженерная школа: искусственный интеллект и прикладной инжиниринг","УК","УК-3","Способен осуществлять социальное взаимодействие и реализовывать свою роль в команде"
"NSU-ММФ-04","ММФ","Бакалавриат","01.03.02","Прикладная математика и информатика","Инженерная школа: искусственный интеллект и прикладной инжиниринг","УК","УК-4","Способен осуществлять деловую коммуникацию в устной и письменной формах на государственном языке Российской Федерации и иностранном(ых) языке(ах)"
"NSU-ММФ-04","ММФ","Бакалавриат","01.03.02","Прикладная математика и информатика","Инженерная школа: искусственный интеллект и прикладной инжиниринг","УК","УК-5","Способен воспринимать межкультурное разнообразие общества в социально-историческом, этическом и философском контекстах"
"NSU-ММФ-04","ММФ","Бакалавриат","01.03.02","Прикладная математика и информатика","Инженерная школа: искусственный интеллект и прикладной инжиниринг","УК","УК-6","Способен управлять своим временем, выстраивать и реализовывать траекторию саморазвития на основе принципов образования в течение всей жизни"
"NSU-ММФ-04","ММФ","Бакалавриат","01.03.02","Прикладная математика и информатика","Инженерная школа: искусственный интеллект и прикладной инжиниринг","УК","УК-7","Способен поддерживать должный уровень физической подготовленности для обеспечения полноценной социальной и профессиональной деятельности"
"NSU-ММФ-04","ММФ","Бакалавриат","01.03.02","Прикладная математика и информатика","Инженерная школа: искусственный интеллект и прикладной инжиниринг","УК","УК-8","Способен создавать и поддерживать в повседневной жизни и в профессиональной деятельности безопасные условия жизнедеятельности для сохранения природной среды, обеспечения устойчивого развития общества, в том числе при угрозе и возникновении чрезвычайных ситуаций и военных конфликтов"
"NSU-ММФ-04","ММФ","Бакалавриат","01.03.02","Прикладная математика и информатика","Инженерная школа: искусственный интеллект и прикладной инжиниринг","УК","УК-9","Способен принимать обоснованные экономические решения в различных областях жизнедеятельности"
"NSU-ММФ-04","ММФ","Бакалавриат","01.03.02","Прикладная математика и информатика","Инженерная школа: искусственный интеллект и прикладной инжиниринг","УК","УК-10","Способен формировать нетерпимое отношение к коррупционному поведению"
"NSU-ММФ-04","ММФ","Бакалавриат","01.03.02","Прикладная математика и информатика","Инженерная школа: искусственный интеллект и прикладной инжиниринг","ОПК","ОПК-1","Способен применять фундаментальные знания, полученные в области математических и (или) естественных наук, и использовать их в профессиональной деятельности"
"NSU-ММФ-04","ММФ","Бакалавриат","01.03.02","Прикладная математика и информатика","Инженерная школа: искусственный интеллект и прикладной инжиниринг","ОПК","ОПК-2","Способен применять математические методы и современные информационные технологии, использовать и создавать программные средства для решения задач профессиональной деятельности"
"NSU-ММФ-04","ММФ","Бакалавриат","01.03.02","Прикладная математика и информатика","Инженерная школа: искусственный интеллект и прикладной инжиниринг","ОПК","ОПК-3","Способен разрабатывать и анализировать математические модели, применять методы математического моделирования в профессиональной деятельности"
"NSU-ММФ-04","ММФ","Бакалавриат","01.03.02","Прикладная математика и информатика","Инженерная школа: искусственный интеллект и прикладной инжиниринг","ОПК","ОПК-4","Способен решать задачи профессиональной деятельности с использованием существующих информационно-коммуникационных технологий и с учетом основных требований информационной безопасности"
"NSU-ММФ-04","ММФ","Бакалавриат","01.03.02","Прикладная математика и информатика","Инженерная школа: искусственный интеллект и прикладной инжиниринг","ОПК","ОПК-5","Способен проводить под научным руководством исследования на основе существующих методов в конкретной области профессиональной деятельности"
"NSU-ММФ-04","ММФ","Бакалавриат","01.03.02","Прикладная математика и информатика","Инженерная школа: искусственный интеллект и прикладной инжиниринг","ОПК","ОПК-6","Способен самостоятельно представлять научные результаты, составлять научные документы и отчеты"
"NSU-ММФ-04","ММФ","Бакалавриат","01.03.02","Прикладная математика и информатика","Инженерная школа: искусственный интеллект и прикладной инжиниринг","ПК","ПК-1","Способен осваивать и применять новые знания в области профессиональной деятельности"
"NSU-ММФ-04","ММФ","Бакалавриат","01.03.02","Прикладная математика и информатика","Инженерная школа: искусственный интеллект и прикладной инжиниринг","ПК","ПК-2","Способен осуществлять концептуальное, функциональное и логическое проектирование систем среднего и крупного масштаба и сложности"
"NSU-ММФ-04","ММФ","Бакалавриат","01.03.02","Прикладная математика и информатика","Инженерная школа: искусственный интеллект и прикладной инжиниринг","ПК","ПК-3","Способен собирать, обрабатывать и анализировать большие данные с использованием существующей методологической и технологической инфраструктуры"
"NSU-ММФ-04","ММФ","Бакалавриат","01.03.02","Прикладная математика и информатика","Инженерная школа: искусственный интеллект и прикладной инжиниринг","ПК","ПК-4","Способен проводить опытно-конструкторскую деятельность по отдельным разделам темы"
"NSU-ММФ-04","ММФ","Бакалавриат","01.03.02","Прикладная математика и информатика","Инженерная школа: искусственный интеллект и прикладной инжиниринг","ПК","ПК-5","Способен к разработке технологий и программ изготовления сложных деталей типа тел вращения на станках с ЧПУ"
"NSU-ММФ-04","ММФ","Бакалавриат","01.03.02","Прикладная математика и информатика","Инженерная школа: искусственный интеллект и прикладной инжиниринг","ПК","ПК-6","Способен использовать в педагогической деятельности научные знания в сфере фундаментальной и прикладной математики"
"NSU-ММФ-04","ММФ","Бакалавриат","01.03.02","Прикладная математика и информатика","Инженерная школа: искусственный интеллект и прикладной инжиниринг","ПК","ПК-7","Способен использовать методы физического и алгоритмического моделирования, современное экспериментальное оборудование в научно-исследовательской и опытно-конструкторской деятельности"
"NSU-ММФ-05","ММФ","Бакалавриат","01.03.03","Механика и математическое моделирование","Механика и математическое моделирование","УК","УК-1","Способен осуществлять поиск, критический анализ и синтез информации, применять системный подход для решения поставленных задач"
"NSU-ММФ-05","ММФ","Бакалавриат","01.03.03","Механика и математическое моделирование","Механика и математическое моделирование","УК","УК-2","Способен определять круг задач в рамках поставленной цели и выбирать оптимальные способы их решения, исходя из действующих правовых норм, имеющихся ресурсов и ограничений"
"NSU-ММФ-05","ММФ","Бакалавриат","01.03.03","Механика и математическое моделирование","Механика и математическое моделирование","УК","УК-3","Способен осуществлять социальное взаимодействие и реализовывать свою роль в команде"
"NSU-ММФ-05","ММФ","Бакалавриат","01.03.03","Механика и математическое моделирование","Механика и математическое моделирование","УК","УК-4","Способен осуществлять деловую коммуникацию в устной и письменной формах на государственном языке Российской Федерации и иностранном(ых) языке(ах)"
"NSU-ММФ-05","ММФ","Бакалавриат","01.03.03","Механика и математическое моделирование","Механика и математическое моделирование","УК","УК-5","Способен воспринимать межкультурное разнообразие общества в социально-историческом, этическом и философском контекстах"
"NSU-ММФ-05","ММФ","Бакалавриат","01.03.03","Механика и математическое моделирование","Механика и математическое моделирование","УК","УК-6","Способен управлять своим временем, выстраивать и реализовывать траекторию саморазвития на основе принципов образования в течение всей жизни"
"NSU-ММФ-05","ММФ","Бакалавриат","01.03.03","Механика и математическое моделирование","Механика и математическое моделирование","УК","УК-7","Способен поддерживать должный уровень физической подготовленности для обеспечения полноценной социальной и профессиональной деятельности"
"NSU-ММФ-05","ММФ","Бакалавриат","01.03.03","Механика и математическое моделирование","Механика и математическое моделирование","УК","УК-8","Способен создавать и поддерживать в повседневной жизни и в профессиональной деятельности безопасные условия жизнедеятельности для сохранения природной среды, обеспечения устойчивого развития общества, в том числе при угрозе и возникновении чрезвычайных ситуаций и военных конфликтов"
"NSU-ММФ-05","ММФ","Бакалавриат","01.03.03","Механика и математическое моделирование","Механика и математическое моделирование","УК","УК-9","Способен принимать обоснованные экономические решения в различных областях жизнедеятельности"
"NSU-ММФ-05","ММФ","Бакалавриат","01.03.03","Механика и математическое моделирование","Механика и математическое моделирование","УК","УК-10","Способен формировать нетерпимое отношение к коррупционному поведению"
"NSU-ММФ-05","ММФ","Бакалавриат","01.03.03","Механика и математическое моделирование","Механика и математическое моделирование","ОПК","ОПК-1","Способен применять фундаментальные знания, полученные в области математических и (или) естественных наук, и использовать их в профессиональной деятельности"
"NSU-ММФ-05","ММФ","Бакалавриат","01.03.03","Механика и математическое моделирование","Механика и математическое моделирование","ОПК","ОПК-2","Способен применять математические методы и современные информационные технологии, использовать и создавать программные средства для решения задач профессиональной деятельности"
"NSU-ММФ-05","ММФ","Бакалавриат","01.03.03","Механика и математическое моделирование","Механика и математическое моделирование","ОПК","ОПК-3","Способен разрабатывать и анализировать математические модели, применять методы математического моделирования в профессиональной деятельности"
"NSU-ММФ-05","ММФ","Бакалавриат","01.03.03","Механика и математическое моделирование","Механика и математическое моделирование","ОПК","ОПК-4","Способен решать задачи профессиональной деятельности с использованием существующих информационно-коммуникационных технологий и с учетом основных требований информационной безопасности"
"NSU-ММФ-05","ММФ","Бакалавриат","01.03.03","Механика и математическое моделирование","Механика и математическое моделирование","ОПК","ОПК-5","Способен проводить под научным руководством исследования на основе существующих методов в конкретной области профессиональной деятельности"
"NSU-ММФ-05","ММФ","Бакалавриат","01.03.03","Механика и математическое моделирование","Механика и математическое моделирование","ОПК","ОПК-6","Способен самостоятельно представлять научные результаты, составлять научные документы и отчеты"
"NSU-ММФ-05","ММФ","Бакалавриат","01.03.03","Механика и математическое моделирование","Механика и математическое моделирование","ОПК","ОПК-7","Способен использовать в педагогической деятельности научные знания в сфере фундаментальной и прикладной математики"
"NSU-ММФ-05","ММФ","Бакалавриат","01.03.03","Механика и математическое моделирование","Механика и математическое моделирование","ОПК","ОПК-8","Способен использовать методы физического и алгоритмического моделирования, современное экспериментальное оборудование в научно-исследовательской и опытно-конструкторской деятельности"
"NSU-ММФ-05","ММФ","Бакалавриат","01.03.03","Механика и математическое моделирование","Механика и математическое моделирование","ПК","ПК-1","Способен осваивать и применять новые знания в области профессиональной деятельности"
"NSU-ММФ-05","ММФ","Бакалавриат","01.03.03","Механика и математическое моделирование","Механика и математическое моделирование","ПК","ПК-2","Способен применять цифровые инструменты для решения четко поставленных задач и анализировать эффективность их применения"
"NSU-ММФ-06","ММФ","Бакалавриат","02.03.01","Математика и компьютерные науки","Математика и компьютерные науки","УК","УК-1","Способен осуществлять поиск, критический анализ и синтез информации, применять системный подход для решения поставленных задач"
"NSU-ММФ-06","ММФ","Бакалавриат","02.03.01","Математика и компьютерные науки","Математика и компьютерные науки","УК","УК-2","Способен определять круг задач в рамках поставленной цели и выбирать оптимальные способы их решения, исходя из действующих правовых норм, имеющихся ресурсов и ограничений"
"NSU-ММФ-06","ММФ","Бакалавриат","02.03.01","Математика и компьютерные науки","Математика и компьютерные науки","УК","УК-3","Способен осуществлять социальное взаимодействие и реализовывать свою роль в команде"
"NSU-ММФ-06","ММФ","Бакалавриат","02.03.01","Математика и компьютерные науки","Математика и компьютерные науки","УК","УК-4","Способен осуществлять деловую коммуникацию в устной и письменной формах на государственном языке Российской Федерации и иностранном(ых) языке(ах)"
"NSU-ММФ-06","ММФ","Бакалавриат","02.03.01","Математика и компьютерные науки","Математика и компьютерные науки","УК","УК-5","Способен воспринимать межкультурное разнообразие общества в социально-историческом, этическом и философском контекстах"
"NSU-ММФ-06","ММФ","Бакалавриат","02.03.01","Математика и компьютерные науки","Математика и компьютерные науки","УК","УК-6","Способен управлять своим временем, выстраивать и реализовывать траекторию саморазвития на основе принципов образования в течение всей жизни"
"NSU-ММФ-06","ММФ","Бакалавриат","02.03.01","Математика и компьютерные науки","Математика и компьютерные науки","УК","УК-7","Способен поддерживать должный уровень физической подготовленности для обеспечения полноценной социальной и профессиональной деятельности"
"NSU-ММФ-06","ММФ","Бакалавриат","02.03.01","Математика и компьютерные науки","Математика и компьютерные науки","УК","УК-8","Способен создавать и поддерживать в повседневной жизни и в профессиональной деятельности безопасные условия жизнедеятельности для сохранения природной среды, обеспечения устойчивого развития общества, в том числе при угрозе и возникновении чрезвычайных ситуаций и военных конфликтов"
"NSU-ММФ-06","ММФ","Бакалавриат","02.03.01","Математика и компьютерные науки","Математика и компьютерные науки","УК","УК-9","Способен принимать обоснованные экономические решения в различных областях жизнедеятельности"
"NSU-ММФ-06","ММФ","Бакалавриат","02.03.01","Математика и компьютерные науки","Математика и компьютерные науки","УК","УК-10","Способен формировать нетерпимое отношение к коррупционному поведению"
"NSU-ММФ-06","ММФ","Бакалавриат","02.03.01","Математика и компьютерные науки","Математика и компьютерные науки","ОПК","ОПК-1","Способен применять фундаментальные знания, полученные в области математических и (или) естественных наук, и использовать их в профессиональной деятельности"
"NSU-ММФ-06","ММФ","Бакалавриат","02.03.01","Математика и компьютерные науки","Математика и компьютерные науки","ОПК","ОПК-2","Способен применять математические методы и современные информационные технологии, использовать и создавать программные средства для решения задач профессиональной деятельности"
"NSU-ММФ-06","ММФ","Бакалавриат","02.03.01","Математика и компьютерные науки","Математика и компьютерные науки","ОПК","ОПК-3","Способен разрабатывать и анализировать математические модели, применять методы математического моделирования в профессиональной деятельности"
"NSU-ММФ-06","ММФ","Бакалавриат","02.03.01","Математика и компьютерные науки","Математика и компьютерные науки","ОПК","ОПК-4","Способен решать задачи профессиональной деятельности с использованием существующих информационно-коммуникационных технологий и с учетом основных требований информационной безопасности"
"NSU-ММФ-06","ММФ","Бакалавриат","02.03.01","Математика и компьютерные науки","Математика и компьютерные науки","ОПК","ОПК-5","Способен проводить под научным руководством исследования на основе существующих методов в конкретной области профессиональной деятельности"
"NSU-ММФ-06","ММФ","Бакалавриат","02.03.01","Математика и компьютерные науки","Математика и компьютерные науки","ОПК","ОПК-6","Способен самостоятельно представлять научные результаты, составлять научные документы и отчеты"
"NSU-ММФ-06","ММФ","Бакалавриат","02.03.01","Математика и компьютерные науки","Математика и компьютерные науки","ОПК","ОПК-7","Способен использовать основы экономических и правовых знаний в различных сферах жизнедеятельности"
"NSU-ММФ-06","ММФ","Бакалавриат","02.03.01","Математика и компьютерные науки","Математика и компьютерные науки","ПК","ПК-1","Способен осваивать и применять новые знания в области профессиональной деятельности"
"NSU-ММФ-06","ММФ","Бакалавриат","02.03.01","Математика и компьютерные науки","Математика и компьютерные науки","ПК","ПК-2","Способен применять цифровые инструменты для решения четко поставленных задач и анализировать эффективность их применения"
"NSU-ММФ-07","ММФ","Бакалавриат","02.03.01","Математика и компьютерные науки","Системное программирование","УК","УК-1","Способен осуществлять поиск, критический анализ и синтез информации, применять системный подход для решения поставленных задач"
"NSU-ММФ-07","ММФ","Бакалавриат","02.03.01","Математика и компьютерные науки","Системное программирование","УК","УК-2","Способен определять круг задач в рамках поставленной цели и выбирать оптимальные способы их решения, исходя из действующих правовых норм, имеющихся ресурсов и ограничений"
"NSU-ММФ-07","ММФ","Бакалавриат","02.03.01","Математика и компьютерные науки","Системное программирование","УК","УК-3","Способен осуществлять социальное взаимодействие и реализовывать свою роль в команде"
"NSU-ММФ-07","ММФ","Бакалавриат","02.03.01","Математика и компьютерные науки","Системное программирование","УК","УК-4","Способен осуществлять деловую коммуникацию в устной и письменной формах на государственном языке Российской Федерации и иностранном(ых) языке(ах)"
"NSU-ММФ-07","ММФ","Бакалавриат","02.03.01","Математика и компьютерные науки","Системное программирование","УК","УК-5","Способен воспринимать межкультурное разнообразие общества в социально-историческом, этическом и философском контекстах"
"NSU-ММФ-07","ММФ","Бакалавриат","02.03.01","Математика и компьютерные науки","Системное программирование","УК","УК-6","Способен управлять своим временем, выстраивать и реализовывать траекторию саморазвития на основе принципов образования в течение всей жизни"
"NSU-ММФ-07","ММФ","Бакалавриат","02.03.01","Математика и компьютерные науки","Системное программирование","УК","УК-7","Способен поддерживать должный уровень физической подготовленности для обеспечения полноценной социальной и профессиональной деятельности"
"NSU-ММФ-07","ММФ","Бакалавриат","02.03.01","Математика и компьютерные науки","Системное программирование","УК","УК-8","Способен создавать и поддерживать в повседневной жизни и в профессиональной деятельности безопасные условия жизнедеятельности для сохранения природной среды, обеспечения устойчивого развития общества, в том числе при угрозе и возникновении чрезвычайных ситуаций и военных конфликтов"
"NSU-ММФ-07","ММФ","Бакалавриат","02.03.01","Математика и компьютерные науки","Системное программирование","УК","УК-9","Способен принимать обоснованные экономические решения в различных областях жизнедеятельности"
"NSU-ММФ-07","ММФ","Бакалавриат","02.03.01","Математика и компьютерные науки","Системное программирование","УК","УК-10","Способен формировать нетерпимое отношение к проявлениям экстремизма, терроризма, коррупционному поведению и противодействовать им в профессиональной деятельности"
"NSU-ММФ-07","ММФ","Бакалавриат","02.03.01","Математика и компьютерные науки","Системное программирование","ОПК","ОПК-1","Способен применять фундаментальные знания, полученные в области математических и (или) естественных наук, и использовать их в профессиональной деятельности"
"NSU-ММФ-07","ММФ","Бакалавриат","02.03.01","Математика и компьютерные науки","Системное программирование","ОПК","ОПК-2","Способен применять математические методы и современные информационные технологии, использовать и создавать программные средства для решения задач профессиональной деятельности"
"NSU-ММФ-07","ММФ","Бакалавриат","02.03.01","Математика и компьютерные науки","Системное программирование","ОПК","ОПК-3","Способен разрабатывать и анализировать математические модели, применять методы математического моделирования в профессиональной деятельности"
"NSU-ММФ-07","ММФ","Бакалавриат","02.03.01","Математика и компьютерные науки","Системное программирование","ОПК","ОПК-4","Способен решать задачи профессиональной деятельности с использованием существующих информационно-коммуникационных технологий и с учетом основных требований информационной безопасности"
"NSU-ММФ-07","ММФ","Бакалавриат","02.03.01","Математика и компьютерные науки","Системное программирование","ОПК","ОПК-5","Способен проводить под научным руководством исследования на основе существующих методов в конкретной области профессиональной деятельности"
"NSU-ММФ-07","ММФ","Бакалавриат","02.03.01","Математика и компьютерные науки","Системное программирование","ОПК","ОПК-6","Способен самостоятельно представлять научные результаты, составлять научные документы и отчеты"
"NSU-ММФ-07","ММФ","Бакалавриат","02.03.01","Математика и компьютерные науки","Системное программирование","ОПК","ОПК-7","Способен использовать основы экономических и правовых знаний в различных сферах жизнедеятельности"
"NSU-ММФ-07","ММФ","Бакалавриат","02.03.01","Математика и компьютерные науки","Системное программирование","ПК","ПК-1","Способен осваивать и применять новые знания в области профессиональной деятельности"
"NSU-ММФ-07","ММФ","Бакалавриат","02.03.01","Математика и компьютерные науки","Системное программирование","ПК","ПК-2","Способен разрабатывать компоненты системных продуктов"
"NSU-ММФ-07","ММФ","Бакалавриат","02.03.01","Математика и компьютерные науки","Системное программирование","ПК","ПК-3","Способен вносить изменения в процедуры сборки модулей и компонентов компьютерного программного обеспечения, развертывания компьютерного программного обеспечения, миграции и преобразования данных"
"NSU-ММФ-07","ММФ","Бакалавриат","02.03.01","Математика и компьютерные науки","Системное программирование","ПК","ПК-4","Способен разрабатывать операционные системы"
"NSU-ММФ-08","ММФ","Магистратура","01.04.01","Математика","Математика","УК","УК-1","Способен осуществлять критический анализ проблемных ситуаций на основе системного подхода, вырабатывать стратегию действий"
"NSU-ММФ-08","ММФ","Магистратура","01.04.01","Математика","Математика","УК","УК-2","Способен управлять проектом на всех этапах его жизненного цикла"
"NSU-ММФ-08","ММФ","Магистратура","01.04.01","Математика","Математика","УК","УК-3","Способен организовывать и руководить работой команды, вырабатывая командную стратегию для достижения поставленной цели"
"NSU-ММФ-08","ММФ","Магистратура","01.04.01","Математика","Математика","УК","УК-4","Способен применять современные коммуникативные технологии, в том числе на иностранном(ых) языке(ах), для академического и профессионального взаимодействия"
"NSU-ММФ-08","ММФ","Магистратура","01.04.01","Математика","Математика","УК","УК-5","Способен анализировать и учитывать разнообразие культур в процессе межкультурного взаимодействия"
"NSU-ММФ-08","ММФ","Магистратура","01.04.01","Математика","Математика","УК","УК-6","Способен определять и реализовывать приоритеты собственной деятельности и способы ее совершенствования на основе самооценки"
"NSU-ММФ-08","ММФ","Магистратура","01.04.01","Математика","Математика","ОПК","ОПК-1","Способен находить, формулировать и решать актуальные задачи фундаментальной и прикладной математики"
"NSU-ММФ-08","ММФ","Магистратура","01.04.01","Математика","Математика","ОПК","ОПК-2","Способен разрабатывать математические модели и проводить их анализ при решении задач в области профессиональной деятельности"
"NSU-ММФ-08","ММФ","Магистратура","01.04.01","Математика","Математика","ОПК","ОПК-3","Способен проводить фундаментальные и/или прикладные исследования самостоятельно и под научным руководством"
"NSU-ММФ-08","ММФ","Магистратура","01.04.01","Математика","Математика","ОПК","ОПК-4","Способен представлять собственные и известные научные результаты профессиональному сообществу"
"NSU-ММФ-08","ММФ","Магистратура","01.04.01","Математика","Математика","ОПК","ОПК-5","Способен использовать в педагогической деятельности знания в области фундаментальной, прикладной математики и механики"
"NSU-ММФ-08","ММФ","Магистратура","01.04.01","Математика","Математика","ПК","ПК-1","Способен осваивать и применять новые знания в области профессиональной деятельности"
"NSU-ММФ-08","ММФ","Магистратура","01.04.01","Математика","Математика","ПК","ПК-2","Способен применять цифровые инструменты для решения задач профессиональной деятельности и совершенствовать владение ими"
"NSU-ММФ-09","ММФ","Магистратура","01.04.02","Прикладная математика и информатика","Прикладная математика и информатика","УК","УК-1","Способен осуществлять критический анализ проблемных ситуаций на основе системного подхода, вырабатывать стратегию действий"
"NSU-ММФ-09","ММФ","Магистратура","01.04.02","Прикладная математика и информатика","Прикладная математика и информатика","УК","УК-2","Способен управлять проектом на всех этапах его жизненного цикла"
"NSU-ММФ-09","ММФ","Магистратура","01.04.02","Прикладная математика и информатика","Прикладная математика и информатика","УК","УК-3","Способен организовывать и руководить работой команды, вырабатывая командную стратегию для достижения поставленной цели"
"NSU-ММФ-09","ММФ","Магистратура","01.04.02","Прикладная математика и информатика","Прикладная математика и информатика","УК","УК-4","Способен применять современные коммуникативные технологии, в том числе на иностранном(ых) языке(ах), для академического и профессионального взаимодействия"
"NSU-ММФ-09","ММФ","Магистратура","01.04.02","Прикладная математика и информатика","Прикладная математика и информатика","УК","УК-5","Способен анализировать и учитывать разнообразие культур в процессе межкультурного взаимодействия"
"NSU-ММФ-09","ММФ","Магистратура","01.04.02","Прикладная математика и информатика","Прикладная математика и информатика","УК","УК-6","Способен определять и реализовывать приоритеты собственной деятельности и способы ее совершенствования на основе самооценки"
"NSU-ММФ-09","ММФ","Магистратура","01.04.02","Прикладная математика и информатика","Прикладная математика и информатика","ОПК","ОПК-1","Способен находить, формулировать и решать актуальные задачи фундаментальной и прикладной математики"
"NSU-ММФ-09","ММФ","Магистратура","01.04.02","Прикладная математика и информатика","Прикладная математика и информатика","ОПК","ОПК-2","Способен разрабатывать математические модели и проводить их анализ при решении задач в области профессиональной деятельности"
"NSU-ММФ-09","ММФ","Магистратура","01.04.02","Прикладная математика и информатика","Прикладная математика и информатика","ОПК","ОПК-3","Способен проводить фундаментальные и/или прикладные исследования самостоятельно и под научным руководством"
"NSU-ММФ-09","ММФ","Магистратура","01.04.02","Прикладная математика и информатика","Прикладная математика и информатика","ОПК","ОПК-4","Способен представлять собственные и известные научные результаты профессиональному сообществу"
"NSU-ММФ-09","ММФ","Магистратура","01.04.02","Прикладная математика и информатика","Прикладная математика и информатика","ОПК","ОПК-5","Способен комбинировать и адаптировать существующие информационно-коммуникационные технологии для решения задач в области профессиональной деятельности с учетом требований информационной безопасности"
"NSU-ММФ-09","ММФ","Магистратура","01.04.02","Прикладная математика и информатика","Прикладная математика и информатика","ОПК","ОПК-6","Способен использовать и создавать программные средства для решения задач в области профессиональной деятельности"
"NSU-ММФ-09","ММФ","Магистратура","01.04.02","Прикладная математика и информатика","Прикладная математика и информатика","ОПК","ОПК-7","Способен реализовывать и совершенствовать математические методы решения прикладных задач"
"NSU-ММФ-09","ММФ","Магистратура","01.04.02","Прикладная математика и информатика","Прикладная математика и информатика","ПК","ПК-1","Способен осваивать и применять новые знания в области профессиональной деятельности"
"NSU-ММФ-09","ММФ","Магистратура","01.04.02","Прикладная математика и информатика","Прикладная математика и информатика","ПК","ПК-2","Способен применять цифровые инструменты для решения задач профессиональной деятельности и совершенствовать владение ими"
"NSU-ММФ-10","ММФ","Магистратура","01.04.02","Прикладная математика и информатика","Прикладное машинное обучение и большие данные","УК","УК-1","Способен осуществлять критический анализ проблемных ситуаций на основе системного подхода, вырабатывать стратегию действий"
"NSU-ММФ-10","ММФ","Магистратура","01.04.02","Прикладная математика и информатика","Прикладное машинное обучение и большие данные","УК","УК-2","Способен управлять проектом на всех этапах его жизненного цикла"
"NSU-ММФ-10","ММФ","Магистратура","01.04.02","Прикладная математика и информатика","Прикладное машинное обучение и большие данные","УК","УК-3","Способен организовывать и руководить работой команды, вырабатывая командную стратегию для достижения поставленной цели"
"NSU-ММФ-10","ММФ","Магистратура","01.04.02","Прикладная математика и информатика","Прикладное машинное обучение и большие данные","УК","УК-4","Способен применять современные коммуникативные технологии, в том числе на иностранном(ых) языке(ах), для академического и профессионального взаимодействия"
"NSU-ММФ-10","ММФ","Магистратура","01.04.02","Прикладная математика и информатика","Прикладное машинное обучение и большие данные","УК","УК-5","Способен анализировать и учитывать разнообразие культур в процессе межкультурного взаимодействия"
"NSU-ММФ-10","ММФ","Магистратура","01.04.02","Прикладная математика и информатика","Прикладное машинное обучение и большие данные","УК","УК-6","Способен определять и реализовывать приоритеты собственной деятельности и способы ее совершенствования на основе самооценки"
"NSU-ММФ-10","ММФ","Магистратура","01.04.02","Прикладная математика и информатика","Прикладное машинное обучение и большие данные","ОПК","ОПК-1","Способен находить, формулировать и решать актуальные задачи фундаментальной и прикладной математики"
"NSU-ММФ-10","ММФ","Магистратура","01.04.02","Прикладная математика и информатика","Прикладное машинное обучение и большие данные","ОПК","ОПК-2","Способен разрабатывать математические модели и проводить их анализ при решении задач в области профессиональной деятельности"
"NSU-ММФ-10","ММФ","Магистратура","01.04.02","Прикладная математика и информатика","Прикладное машинное обучение и большие данные","ОПК","ОПК-3","Способен проводить фундаментальные и/или прикладные исследования самостоятельно и под научным руководством"
"NSU-ММФ-10","ММФ","Магистратура","01.04.02","Прикладная математика и информатика","Прикладное машинное обучение и большие данные","ОПК","ОПК-4","Способен представлять собственные и известные научные результаты профессиональному сообществу"
"NSU-ММФ-10","ММФ","Магистратура","01.04.02","Прикладная математика и информатика","Прикладное машинное обучение и большие данные","ОПК","ОПК-5","Способен комбинировать и адаптировать существующие информационно-коммуникационные технологии для решения задач в области профессиональной деятельности с учетом требований информационной безопасности"
"NSU-ММФ-10","ММФ","Магистратура","01.04.02","Прикладная математика и информатика","Прикладное машинное обучение и большие данные","ОПК","ОПК-6","Способен использовать и создавать программные средства для решения задач в области профессиональной деятельности"
"NSU-ММФ-10","ММФ","Магистратура","01.04.02","Прикладная математика и информатика","Прикладное машинное обучение и большие данные","ОПК","ОПК-7","Способен реализовывать и совершенствовать математические методы решения прикладных задач"
"NSU-ММФ-10","ММФ","Магистратура","01.04.02","Прикладная математика и информатика","Прикладное машинное обучение и большие данные","ПК","ПК-1","Способен осваивать и применять новые знания в области профессиональной деятельности"
"NSU-ММФ-10","ММФ","Магистратура","01.04.02","Прикладная математика и информатика","Прикладное машинное обучение и большие данные","ПК","ПК-2","Способен применять цифровые инструменты для решения задач профессиональной деятельности и совершенствовать владение ими"
"NSU-ММФ-10","ММФ","Магистратура","01.04.02","Прикладная математика и информатика","Прикладное машинное обучение и большие данные","ПК","ПК-3","Способен собирать, обрабатывать и анализировать большие данные с использованием существующей методологической и технологической инфраструктуры"
"NSU-ММФ-10","ММФ","Магистратура","01.04.02","Прикладная математика и информатика","Прикладное машинное обучение и большие данные","ПК","ПК-4","Способен управлять процессом разработки программного кода"
"NSU-ММФ-11","ММФ","Магистратура","01.04.02","Прикладная математика и информатика","Цифровые двойники и научный инжиниринг","УК","УК-1","Способен осуществлять критический анализ проблемных ситуаций на основе системного подхода, вырабатывать стратегию действий"
"NSU-ММФ-11","ММФ","Магистратура","01.04.02","Прикладная математика и информатика","Цифровые двойники и научный инжиниринг","УК","УК-2","Способен управлять проектом на всех этапах его жизненного цикла"
"NSU-ММФ-11","ММФ","Магистратура","01.04.02","Прикладная математика и информатика","Цифровые двойники и научный инжиниринг","УК","УК-3","Способен организовывать и руководить работой команды, вырабатывая командную стратегию для достижения поставленной цели"
"NSU-ММФ-11","ММФ","Магистратура","01.04.02","Прикладная математика и информатика","Цифровые двойники и научный инжиниринг","УК","УК-4","Способен применять современные коммуникативные технологии, в том числе на иностранном(ых) языке(ах), для академического и профессионального взаимодействия"
"NSU-ММФ-11","ММФ","Магистратура","01.04.02","Прикладная математика и информатика","Цифровые двойники и научный инжиниринг","УК","УК-5","Способен анализировать и учитывать разнообразие культур в процессе межкультурного взаимодействия"
"NSU-ММФ-11","ММФ","Магистратура","01.04.02","Прикладная математика и информатика","Цифровые двойники и научный инжиниринг","УК","УК-6","Способен определять и реализовывать приоритеты собственной деятельности и способы ее совершенствования на основе самооценки"
"NSU-ММФ-11","ММФ","Магистратура","01.04.02","Прикладная математика и информатика","Цифровые двойники и научный инжиниринг","ОПК","ОПК-1","Способен находить, формулировать и решать актуальные задачи фундаментальной и прикладной математики"
"NSU-ММФ-11","ММФ","Магистратура","01.04.02","Прикладная математика и информатика","Цифровые двойники и научный инжиниринг","ОПК","ОПК-2","Способен разрабатывать математические модели и проводить их анализ при решении задач в области профессиональной деятельности"
"NSU-ММФ-11","ММФ","Магистратура","01.04.02","Прикладная математика и информатика","Цифровые двойники и научный инжиниринг","ОПК","ОПК-3","Способен проводить фундаментальные и/или прикладные исследования самостоятельно и под научным руководством"
"NSU-ММФ-11","ММФ","Магистратура","01.04.02","Прикладная математика и информатика","Цифровые двойники и научный инжиниринг","ОПК","ОПК-4","Способен представлять собственные и известные научные результаты профессиональному сообществу"
"NSU-ММФ-11","ММФ","Магистратура","01.04.02","Прикладная математика и информатика","Цифровые двойники и научный инжиниринг","ОПК","ОПК-5","Способен комбинировать и адаптировать существующие информационно-коммуникационные технологии для решения задач в области профессиональной деятельности с учетом требований информационной безопасности"
"NSU-ММФ-11","ММФ","Магистратура","01.04.02","Прикладная математика и информатика","Цифровые двойники и научный инжиниринг","ОПК","ОПК-6","Способен использовать и создавать программные средства для решения задач в области профессиональной деятельности"
"NSU-ММФ-11","ММФ","Магистратура","01.04.02","Прикладная математика и информатика","Цифровые двойники и научный инжиниринг","ОПК","ОПК-7","Способен реализовывать и совершенствовать математические методы решения прикладных задач"
"NSU-ММФ-11","ММФ","Магистратура","01.04.02","Прикладная математика и информатика","Цифровые двойники и научный инжиниринг","ПК","ПК-1","Способен осваивать и применять новые знания в области профессиональной деятельности"
"NSU-ММФ-11","ММФ","Магистратура","01.04.02","Прикладная математика и информатика","Цифровые двойники и научный инжиниринг","ПК","ПК-2","Способен разрабатывать архитектуру программного обеспечения программных систем"
"NSU-ММФ-11","ММФ","Магистратура","01.04.02","Прикладная математика и информатика","Цифровые двойники и научный инжиниринг","ПК","ПК-3","Способен проектировать цифровые двойники"
"NSU-ММФ-12","ММФ","Магистратура","01.04.02","Информация о направлениях и результатах научной деятельности и научно-исследовательской базе для ее осуществления размещена в файле","Artificial Intelligence & Big Data Analytics / Искусственный интеллект и аналитика больших данных","УК","УК-1","Способен осуществлять критический анализ проблемных ситуаций на основе системного подхода, вырабатывать стратегию действий"
"NSU-ММФ-12","ММФ","Магистратура","01.04.02","Информация о направлениях и результатах научной деятельности и научно-исследовательской базе для ее осуществления размещена в файле","Artificial Intelligence & Big Data Analytics / Искусственный интеллект и аналитика больших данных","УК","УК-2","Способен управлять проектом на всех этапах его жизненного цикла"
"NSU-ММФ-12","ММФ","Магистратура","01.04.02","Информация о направлениях и результатах научной деятельности и научно-исследовательской базе для ее осуществления размещена в файле","Artificial Intelligence & Big Data Analytics / Искусственный интеллект и аналитика больших данных","УК","УК-3","Способен организовывать и руководить работой команды, вырабатывая командную стратегию для достижения поставленной цели"
"NSU-ММФ-12","ММФ","Магистратура","01.04.02","Информация о направлениях и результатах научной деятельности и научно-исследовательской базе для ее осуществления размещена в файле","Artificial Intelligence & Big Data Analytics / Искусственный интеллект и аналитика больших данных","УК","УК-4","Способен применять современные коммуникативные технологии, в том числе на иностранном(ых) языке(ах), для академического и профессионального взаимодействия"
"NSU-ММФ-12","ММФ","Магистратура","01.04.02","Информация о направлениях и результатах научной деятельности и научно-исследовательской базе для ее осуществления размещена в файле","Artificial Intelligence & Big Data Analytics / Искусственный интеллект и аналитика больших данных","УК","УК-5","Способен анализировать и учитывать разнообразие культур в процессе межкультурного взаимодействия"
"NSU-ММФ-12","ММФ","Магистратура","01.04.02","Информация о направлениях и результатах научной деятельности и научно-исследовательской базе для ее осуществления размещена в файле","Artificial Intelligence & Big Data Analytics / Искусственный интеллект и аналитика больших данных","УК","УК-6","Способен определять и реализовывать приоритеты собственной деятельности и способы ее совершенствования на основе самооценки"
"NSU-ММФ-12","ММФ","Магистратура","01.04.02","Информация о направлениях и результатах научной деятельности и научно-исследовательской базе для ее осуществления размещена в файле","Artificial Intelligence & Big Data Analytics / Искусственный интеллект и аналитика больших данных","ОПК","ОПК-1","Способен находить, формулировать и решать актуальные задачи фундаментальной и прикладной математики"
"NSU-ММФ-12","ММФ","Магистратура","01.04.02","Информация о направлениях и результатах научной деятельности и научно-исследовательской базе для ее осуществления размещена в файле","Artificial Intelligence & Big Data Analytics / Искусственный интеллект и аналитика больших данных","ОПК","ОПК-2","Способен разрабатывать математические модели и проводить их анализ при решении задач в области профессиональной деятельности"
"NSU-ММФ-12","ММФ","Магистратура","01.04.02","Информация о направлениях и результатах научной деятельности и научно-исследовательской базе для ее осуществления размещена в файле","Artificial Intelligence & Big Data Analytics / Искусственный интеллект и аналитика больших данных","ОПК","ОПК-3","Способен проводить фундаментальные и/или прикладные исследования самостоятельно и под научным руководством"
"NSU-ММФ-12","ММФ","Магистратура","01.04.02","Информация о направлениях и результатах научной деятельности и научно-исследовательской базе для ее осуществления размещена в файле","Artificial Intelligence & Big Data Analytics / Искусственный интеллект и аналитика больших данных","ОПК","ОПК-4","Способен представлять собственные и известные научные результаты профессиональному сообществу"
"NSU-ММФ-12","ММФ","Магистратура","01.04.02","Информация о направлениях и результатах научной деятельности и научно-исследовательской базе для ее осуществления размещена в файле","Artificial Intelligence & Big Data Analytics / Искусственный интеллект и аналитика больших данных","ОПК","ОПК-5","Способен комбинировать и адаптировать существующие информационно-коммуникационные технологии для решения задач в области профессиональной деятельности с учетом требований информационной безопасности"
"NSU-ММФ-12","ММФ","Магистратура","01.04.02","Информация о направлениях и результатах научной деятельности и научно-исследовательской базе для ее осуществления размещена в файле","Artificial Intelligence & Big Data Analytics / Искусственный интеллект и аналитика больших данных","ОПК","ОПК-6","Способен использовать и создавать программные средства для решения задач в области профессиональной деятельности"
"NSU-ММФ-12","ММФ","Магистратура","01.04.02","Информация о направлениях и результатах научной деятельности и научно-исследовательской базе для ее осуществления размещена в файле","Artificial Intelligence & Big Data Analytics / Искусственный интеллект и аналитика больших данных","ОПК","ОПК-7","Способен реализовывать и совершенствовать математические методы решения прикладных задач"
"NSU-ММФ-12","ММФ","Магистратура","01.04.02","Информация о направлениях и результатах научной деятельности и научно-исследовательской базе для ее осуществления размещена в файле","Artificial Intelligence & Big Data Analytics / Искусственный интеллект и аналитика больших данных","ПК","ПК-1","Способен осваивать и применять новые знания в области профессиональной деятельности"
"NSU-ММФ-12","ММФ","Магистратура","01.04.02","Информация о направлениях и результатах научной деятельности и научно-исследовательской базе для ее осуществления размещена в файле","Artificial Intelligence & Big Data Analytics / Искусственный интеллект и аналитика больших данных","ПК","ПК-2","Способен применять цифровые инструменты для решения задач профессиональной деятельности и совершенствовать владение ими"
"NSU-ММФ-13","ММФ","Магистратура","01.04.03","Механика и математическое моделирование","Механика и математическое моделирование","УК","УК-1","Способен осуществлять критический анализ проблемных ситуаций на основе системного подхода, вырабатывать стратегию действий"
"NSU-ММФ-13","ММФ","Магистратура","01.04.03","Механика и математическое моделирование","Механика и математическое моделирование","УК","УК-2","Способен управлять проектом на всех этапах его жизненного цикла"
"NSU-ММФ-13","ММФ","Магистратура","01.04.03","Механика и математическое моделирование","Механика и математическое моделирование","УК","УК-3","Способен организовывать и руководить работой команды, вырабатывая командную стратегию для достижения поставленной цели"
"NSU-ММФ-13","ММФ","Магистратура","01.04.03","Механика и математическое моделирование","Механика и математическое моделирование","УК","УК-4","Способен применять современные коммуникативные технологии, в том числе на иностранном(ых) языке(ах), для академического и профессионального взаимодействия"
"NSU-ММФ-13","ММФ","Магистратура","01.04.03","Механика и математическое моделирование","Механика и математическое моделирование","УК","УК-5","Способен анализировать и учитывать разнообразие культур в процессе межкультурного взаимодействия"
"NSU-ММФ-13","ММФ","Магистратура","01.04.03","Механика и математическое моделирование","Механика и математическое моделирование","УК","УК-6","Способен определять и реализовывать приоритеты собственной деятельности и способы ее совершенствования на основе самооценки"
"NSU-ММФ-13","ММФ","Магистратура","01.04.03","Механика и математическое моделирование","Механика и математическое моделирование","ОПК","ОПК-1","Способен находить, формулировать и решать актуальные задачи фундаментальной и прикладной математики"
"NSU-ММФ-13","ММФ","Магистратура","01.04.03","Механика и математическое моделирование","Механика и математическое моделирование","ОПК","ОПК-2","Способен разрабатывать математические модели и проводить их анализ при решении задач в области профессиональной деятельности"
"NSU-ММФ-13","ММФ","Магистратура","01.04.03","Механика и математическое моделирование","Механика и математическое моделирование","ОПК","ОПК-3","Способен проводить фундаментальные и/или прикладные исследования самостоятельно и под научным руководством"
"NSU-ММФ-13","ММФ","Магистратура","01.04.03","Механика и математическое моделирование","Механика и математическое моделирование","ОПК","ОПК-4","Способен представлять собственные и известные научные результаты профессиональному сообществу"
"NSU-ММФ-13","ММФ","Магистратура","01.04.03","Механика и математическое моделирование","Механика и математическое моделирование","ОПК","ОПК-5","Способен использовать в педагогической деятельности знания в области фундаментальной, прикладной математики и механики"
"NSU-ММФ-13","ММФ","Магистратура","01.04.03","Механика и математическое моделирование","Механика и математическое моделирование","ОПК","ОПК-6","Способен использовать и создавать программные средства для решения задач в области профессиональной деятельности"
"NSU-ММФ-13","ММФ","Магистратура","01.04.03","Механика и математическое моделирование","Механика и математическое моделирование","ОПК","ОПК-7","Способен реализовывать и совершенствовать математические методы решения прикладных задач"
"NSU-ММФ-13","ММФ","Магистратура","01.04.03","Механика и математическое моделирование","Механика и математическое моделирование","ОПК","ОПК-8","Способен использовать новые методы экспериментальных исследований и применять современное экспериментальное оборудование в профессиональной деятельности"
"NSU-ММФ-13","ММФ","Магистратура","01.04.03","Механика и математическое моделирование","Механика и математическое моделирование","ПК","ПК-1","Способен осваивать и применять новые знания в области профессиональной деятельности"
"NSU-ММФ-13","ММФ","Магистратура","01.04.03","Механика и математическое моделирование","Механика и математическое моделирование","ПК","ПК-2","Способен применять цифровые инструменты для решения задач профессиональной деятельности и совершенствовать владение ими"
"NSU-ММФ-14","ММФ","Магистратура","02.04.01","Математика и компьютерные науки","Математика и компьютерные науки","УК","УК-1","Способен осуществлять критический анализ проблемных ситуаций на основе системного подхода, вырабатывать стратегию действий"
"NSU-ММФ-14","ММФ","Магистратура","02.04.01","Математика и компьютерные науки","Математика и компьютерные науки","УК","УК-2","Способен управлять проектом на всех этапах его жизненного цикла"
"NSU-ММФ-14","ММФ","Магистратура","02.04.01","Математика и компьютерные науки","Математика и компьютерные науки","УК","УК-3","Способен организовывать и руководить работой команды, вырабатывая командную стратегию для достижения поставленной цели"
"NSU-ММФ-14","ММФ","Магистратура","02.04.01","Математика и компьютерные науки","Математика и компьютерные науки","УК","УК-4","Способен применять современные коммуникативные технологии, в том числе на иностранном(ых) языке(ах), для академического и профессионального взаимодействия"
"NSU-ММФ-14","ММФ","Магистратура","02.04.01","Математика и компьютерные науки","Математика и компьютерные науки","УК","УК-5","Способен анализировать и учитывать разнообразие культур в процессе межкультурного взаимодействия"
"NSU-ММФ-14","ММФ","Магистратура","02.04.01","Математика и компьютерные науки","Математика и компьютерные науки","УК","УК-6","Способен определять и реализовывать приоритеты собственной деятельности и способы ее совершенствования на основе самооценки"
"NSU-ММФ-14","ММФ","Магистратура","02.04.01","Математика и компьютерные науки","Математика и компьютерные науки","ОПК","ОПК-1","Способен находить, формулировать и решать актуальные задачи фундаментальной и прикладной математики"
"NSU-ММФ-14","ММФ","Магистратура","02.04.01","Математика и компьютерные науки","Математика и компьютерные науки","ОПК","ОПК-2","Способен разрабатывать математические модели и проводить их анализ при решении задач в области профессиональной деятельности"
"NSU-ММФ-14","ММФ","Магистратура","02.04.01","Математика и компьютерные науки","Математика и компьютерные науки","ОПК","ОПК-3","Способен проводить фундаментальные и/или прикладные исследования самостоятельно и под научным руководством"
"NSU-ММФ-14","ММФ","Магистратура","02.04.01","Математика и компьютерные науки","Математика и компьютерные науки","ОПК","ОПК-4","Способен представлять собственные и известные научные результаты профессиональному сообществу"
"NSU-ММФ-14","ММФ","Магистратура","02.04.01","Математика и компьютерные науки","Математика и компьютерные науки","ОПК","ОПК-5","Способен проводить анализ свойств алгоритмов, программных средств и систем"
"NSU-ММФ-14","ММФ","Магистратура","02.04.01","Математика и компьютерные науки","Математика и компьютерные науки","ОПК","ОПК-6","Способен использовать и создавать программные средства для решения задач в области профессиональной деятельности"
"NSU-ММФ-14","ММФ","Магистратура","02.04.01","Математика и компьютерные науки","Математика и компьютерные науки","ПК","ПК-1","Способен осваивать и применять новые знания в области профессиональной деятельности"
"NSU-ММФ-14","ММФ","Магистратура","02.04.01","Математика и компьютерные науки","Математика и компьютерные науки","ПК","ПК-2","Способен применять цифровые инструменты для решения задач профессиональной деятельности и совершенствовать владение ими"
"NSU-ММФ-15","ММФ","Магистратура","01.04.03","Механика и математическое моделирование","Цифровые технологии нефтегазового инжиниринга","УК","УК-1","Способен осуществлять критический анализ проблемных ситуаций на основе системного подхода, вырабатывать стратегию действий"
"NSU-ММФ-15","ММФ","Магистратура","01.04.03","Механика и математическое моделирование","Цифровые технологии нефтегазового инжиниринга","УК","УК-2","Способен управлять проектом на всех этапах его жизненного цикла"
"NSU-ММФ-15","ММФ","Магистратура","01.04.03","Механика и математическое моделирование","Цифровые технологии нефтегазового инжиниринга","УК","УК-3","Способен организовывать и руководить работой команды, вырабатывая командную стратегию для достижения поставленной цели"
"NSU-ММФ-15","ММФ","Магистратура","01.04.03","Механика и математическое моделирование","Цифровые технологии нефтегазового инжиниринга","УК","УК-4","Способен применять современные коммуникативные технологии, в том числе на иностранном(ых) языке(ах), для академического и профессионального взаимодействия"
"NSU-ММФ-15","ММФ","Магистратура","01.04.03","Механика и математическое моделирование","Цифровые технологии нефтегазового инжиниринга","УК","УК-5","Способен анализировать и учитывать разнообразие культур в процессе межкультурного взаимодействия"
"NSU-ММФ-15","ММФ","Магистратура","01.04.03","Механика и математическое моделирование","Цифровые технологии нефтегазового инжиниринга","УК","УК-6","Способен определять и реализовывать приоритеты собственной деятельности и способы ее совершенствования на основе самооценки"
"NSU-ММФ-15","ММФ","Магистратура","01.04.03","Механика и математическое моделирование","Цифровые технологии нефтегазового инжиниринга","ОПК","ОПК-1","Способен находить, формулировать и решать актуальные задачи фундаментальной и прикладной математики"
"NSU-ММФ-15","ММФ","Магистратура","01.04.03","Механика и математическое моделирование","Цифровые технологии нефтегазового инжиниринга","ОПК","ОПК-2","Способен разрабатывать математические модели и проводить их анализ при решении задач в области профессиональной деятельности"
"NSU-ММФ-15","ММФ","Магистратура","01.04.03","Механика и математическое моделирование","Цифровые технологии нефтегазового инжиниринга","ОПК","ОПК-3","Способен проводить фундаментальные и/или прикладные исследования самостоятельно и под научным руководством"
"NSU-ММФ-15","ММФ","Магистратура","01.04.03","Механика и математическое моделирование","Цифровые технологии нефтегазового инжиниринга","ОПК","ОПК-4","Способен представлять собственные и известные научные результаты профессиональному сообществу"
"NSU-ММФ-15","ММФ","Магистратура","01.04.03","Механика и математическое моделирование","Цифровые технологии нефтегазового инжиниринга","ОПК","ОПК-5","Способен использовать в педагогической деятельности знания в области фундаментальной, прикладной математики и механики"
"NSU-ММФ-15","ММФ","Магистратура","01.04.03","Механика и математическое моделирование","Цифровые технологии нефтегазового инжиниринга","ОПК","ОПК-6","Способен использовать и создавать программные средства для решения задач в области профессиональной деятельности"
"NSU-ММФ-15","ММФ","Магистратура","01.04.03","Механика и математическое моделирование","Цифровые технологии нефтегазового инжиниринга","ОПК","ОПК-7","Способен реализовывать и совершенствовать математические методы решения прикладных задач"
"NSU-ММФ-15","ММФ","Магистратура","01.04.03","Механика и математическое моделирование","Цифровые технологии нефтегазового инжиниринга","ОПК","ОПК-8","Способен разрабатывать новые методы экспериментальных исследований и применять современное экспериментальное оборудование в профессиональной деятельности"
"NSU-ММФ-15","ММФ","Магистратура","01.04.03","Механика и математическое моделирование","Цифровые технологии нефтегазового инжиниринга","ПК","ПК-1","Проведение работ по обработке и анализу научно-технической информации и результатов исследований"
"NSU-ММФ-15","ММФ","Магистратура","01.04.03","Механика и математическое моделирование","Цифровые технологии нефтегазового инжиниринга","ПК","ПК-2","Способен применять и совершенствовать специализированные цифровые инструменты для решения геолого-геофизических задач"
"NSU-ФИТ-16","ФИТ","Бакалавриат","09.03.01","Информатика и вычислительная техника","Компьютерные науки и системотехника","УК","УК-1","Способен осуществлять поиск, критический анализ и синтез информации, применять системный подход для решения поставленных задач"
"NSU-ФИТ-16","ФИТ","Бакалавриат","09.03.01","Информатика и вычислительная техника","Компьютерные науки и системотехника","УК","УК-2","Способен определять круг задач в рамках поставленной цели и выбирать оптимальные способы их решения, исходя из действующих правовых норм, имеющихся ресурсов и ограничений"
"NSU-ФИТ-16","ФИТ","Бакалавриат","09.03.01","Информатика и вычислительная техника","Компьютерные науки и системотехника","УК","УК-3","Способен осуществлять социальное взаимодействие и реализовывать свою роль в команде"
"NSU-ФИТ-16","ФИТ","Бакалавриат","09.03.01","Информатика и вычислительная техника","Компьютерные науки и системотехника","УК","УК-4","Способен осуществлять деловую коммуникацию в устной и письменной формах на государственном языке Российской Федерации и иностранном (ых) языке(ах)"
"NSU-ФИТ-16","ФИТ","Бакалавриат","09.03.01","Информатика и вычислительная техника","Компьютерные науки и системотехника","УК","УК-5","Способен воспринимать межкультурное разнообразие общества в социально-историческом, этическом и философском контекстах"
"NSU-ФИТ-16","ФИТ","Бакалавриат","09.03.01","Информатика и вычислительная техника","Компьютерные науки и системотехника","УК","УК-6","Способен управлять своим временем, выстраивать и реализовывать траекторию саморазвития на основе принципов образования в течение всей жизни"
"NSU-ФИТ-16","ФИТ","Бакалавриат","09.03.01","Информатика и вычислительная техника","Компьютерные науки и системотехника","УК","УК-7","Способен поддерживать должный уровень физической подготовленности для обеспечения полноценной социальной и профессиональной деятельности"
"NSU-ФИТ-16","ФИТ","Бакалавриат","09.03.01","Информатика и вычислительная техника","Компьютерные науки и системотехника","УК","УК-8","Способен создавать и поддерживать в повседневной жизни и в профессиональной деятельности безопасные условия жизнедеятельности для сохранения природной среды, обеспечения устойчивого развития общества, в том числе при угрозе и возникновении чрезвычайных ситуаций и военных конфликтов"
"NSU-ФИТ-16","ФИТ","Бакалавриат","09.03.01","Информатика и вычислительная техника","Компьютерные науки и системотехника","УК","УК-9","Способен принимать обоснованные экономические решения в различных областях жизнедеятельности"
"NSU-ФИТ-16","ФИТ","Бакалавриат","09.03.01","Информатика и вычислительная техника","Компьютерные науки и системотехника","УК","УК-10","Способен формировать нетерпимое отношение к коррупционному поведению"
"NSU-ФИТ-16","ФИТ","Бакалавриат","09.03.01","Информатика и вычислительная техника","Компьютерные науки и системотехника","ОПК","ОПК-1","Способен применять естественнонаучные и общеинженерные знания, методы математического анализа и моделирования, теоретического и экспериментального исследования в профессиональной деятельности"
"NSU-ФИТ-16","ФИТ","Бакалавриат","09.03.01","Информатика и вычислительная техника","Компьютерные науки и системотехника","ОПК","ОПК-2","Способен понимать принципы работы современных информационных технологий и программных средств, в том числе отечественного производства, и использовать их при решении задач профессиональной деятельности"
"NSU-ФИТ-16","ФИТ","Бакалавриат","09.03.01","Информатика и вычислительная техника","Компьютерные науки и системотехника","ОПК","ОПК-3","Способен решать стандартные задачи профессиональной деятельности на основе информационной и библиографический культуры с применением информационно-коммуникационных технологий и с учетом основных требования информационной безопасности"
"NSU-ФИТ-16","ФИТ","Бакалавриат","09.03.01","Информатика и вычислительная техника","Компьютерные науки и системотехника","ОПК","ОПК-4","Способен участвовать в разработке стандартов, норм и правил, а также технической документации, связанной с профессиональной деятельностью"
"NSU-ФИТ-16","ФИТ","Бакалавриат","09.03.01","Информатика и вычислительная техника","Компьютерные науки и системотехника","ОПК","ОПК-5","Способен инсталлировать программное и аппаратное обеспечение для информационных и автоматизированных систем"
"NSU-ФИТ-16","ФИТ","Бакалавриат","09.03.01","Информатика и вычислительная техника","Компьютерные науки и системотехника","ОПК","ОПК-6","Способен разрабатывать бизнес-планы и технические задания на оснащение отделов, лабораторий, офисов компьютерным и сетевым оборудованием"
"NSU-ФИТ-16","ФИТ","Бакалавриат","09.03.01","Информатика и вычислительная техника","Компьютерные науки и системотехника","ОПК","ОПК-7","Способен участвовать в настройке и наладке программно-аппаратных комплексов"
"NSU-ФИТ-16","ФИТ","Бакалавриат","09.03.01","Информатика и вычислительная техника","Компьютерные науки и системотехника","ОПК","ОПК-8","Способен разрабатывать алгоритмы и программы, пригодные для практического применения"
"NSU-ФИТ-16","ФИТ","Бакалавриат","09.03.01","Информатика и вычислительная техника","Компьютерные науки и системотехника","ОПК","ОПК-9","Способен осваивать методики использования программных средств для решения практических задач"
"NSU-ФИТ-16","ФИТ","Бакалавриат","09.03.01","Информатика и вычислительная техника","Компьютерные науки и системотехника","ПКС","ПКС-1","Способен разрабатывать требования и проектировать программное обеспечение"
"NSU-ФИТ-16","ФИТ","Бакалавриат","09.03.01","Информатика и вычислительная техника","Компьютерные науки и системотехника","ПКС","ПКС-2","Способен выполнять работы и управлять работами по созданию (модификации) и сопровождению ИС, автоматизирующих задачи организационного управления и бизнес-процессы"
"NSU-ФИТ-16","ФИТ","Бакалавриат","09.03.01","Информатика и вычислительная техника","Компьютерные науки и системотехника","ПКС","ПКС-3","Способен осуществлять концептуальное, функциональное и логическое проектирование систем среднего и крупного масштаба и сложности"
"NSU-ФИТ-17","ФИТ","Бакалавриат","09.03.01","Информатика и вычислительная техника","Программная инженерия и компьютерные науки","УК","УК-1","Способен осуществлять поиск, критический анализ и синтез информации, применять системный подход для решения поставленных задач"
"NSU-ФИТ-17","ФИТ","Бакалавриат","09.03.01","Информатика и вычислительная техника","Программная инженерия и компьютерные науки","УК","УК-2","Способен определять круг задач в рамках поставленной цели и выбирать оптимальные способы их решения, исходя из действующих правовых норм, имеющихся ресурсов и ограничений"
"NSU-ФИТ-17","ФИТ","Бакалавриат","09.03.01","Информатика и вычислительная техника","Программная инженерия и компьютерные науки","УК","УК-3","Способен осуществлять социальное взаимодействие и реализовывать свою роль в команде"
"NSU-ФИТ-17","ФИТ","Бакалавриат","09.03.01","Информатика и вычислительная техника","Программная инженерия и компьютерные науки","УК","УК-4","Способен осуществлять деловую коммуникацию в устной и письменной формах на государственном языке Российской Федерации и иностранном (ых) языке(ах)"
"NSU-ФИТ-17","ФИТ","Бакалавриат","09.03.01","Информатика и вычислительная техника","Программная инженерия и компьютерные науки","УК","УК-5","Способен воспринимать межкультурное разнообразие общества в социально-историческом, этическом и философском контекстах"
"NSU-ФИТ-17","ФИТ","Бакалавриат","09.03.01","Информатика и вычислительная техника","Программная инженерия и компьютерные науки","УК","УК-6","Способен управлять своим временем, выстраивать и реализовывать траекторию саморазвития на основе принципов образования в течение всей жизни"
"NSU-ФИТ-17","ФИТ","Бакалавриат","09.03.01","Информатика и вычислительная техника","Программная инженерия и компьютерные науки","УК","УК-7","Способен поддерживать должный уровень физической подготовленности для обеспечения полноценной социальной и профессиональной деятельности"
"NSU-ФИТ-17","ФИТ","Бакалавриат","09.03.01","Информатика и вычислительная техника","Программная инженерия и компьютерные науки","УК","УК-8","Способен создавать и поддерживать в повседневной жизни и в профессиональной деятельности безопасные условия жизнедеятельности для сохранения природной среды, обеспечения устойчивого развития общества, в том числе при угрозе и возникновении чрезвычайных ситуаций и военных конфликтов"
"NSU-ФИТ-17","ФИТ","Бакалавриат","09.03.01","Информатика и вычислительная техника","Программная инженерия и компьютерные науки","УК","УК-9","Способен принимать обоснованные экономические решения в различных областях жизнедеятельности"
"NSU-ФИТ-17","ФИТ","Бакалавриат","09.03.01","Информатика и вычислительная техника","Программная инженерия и компьютерные науки","УК","УК-10","Способен формировать нетерпимое отношение к проявлениям экстремизма, терроризма, коррупционному поведению и противодействовать им в профессиональной деятельности"
"NSU-ФИТ-17","ФИТ","Бакалавриат","09.03.01","Информатика и вычислительная техника","Программная инженерия и компьютерные науки","ОПК","ОПК-1","Способен применять естественнонаучные и общеинженерные знания, методы математического анализа и моделирования, теоретического и экспериментального исследования в профессиональной деятельности"
"NSU-ФИТ-17","ФИТ","Бакалавриат","09.03.01","Информатика и вычислительная техника","Программная инженерия и компьютерные науки","ОПК","ОПК-2","Способен понимать принципы работы современных информационных технологий и программных средств, в том числе отечественного производства, и использовать их при решении задач профессиональной деятельности"
"NSU-ФИТ-17","ФИТ","Бакалавриат","09.03.01","Информатика и вычислительная техника","Программная инженерия и компьютерные науки","ОПК","ОПК-3","Способен решать стандартные задачи профессиональной деятельности на основе информационной и библиографический культуры с применением информационно-коммуникационных технологий и с учетом основных требования информационной безопасности"
"NSU-ФИТ-17","ФИТ","Бакалавриат","09.03.01","Информатика и вычислительная техника","Программная инженерия и компьютерные науки","ОПК","ОПК-4","Способен участвовать в разработке стандартов, норм и правил, а также технической документации, связанной с профессиональной деятельностью"
"NSU-ФИТ-17","ФИТ","Бакалавриат","09.03.01","Информатика и вычислительная техника","Программная инженерия и компьютерные науки","ОПК","ОПК-5","Способен инсталлировать программное и аппаратное обеспечение для информационных и автоматизированных систем"
"NSU-ФИТ-17","ФИТ","Бакалавриат","09.03.01","Информатика и вычислительная техника","Программная инженерия и компьютерные науки","ОПК","ОПК-6","Способен разрабатывать бизнес-планы и технические задания на оснащение отделов, лабораторий, офисов компьютерным и сетевым оборудованием"
"NSU-ФИТ-17","ФИТ","Бакалавриат","09.03.01","Информатика и вычислительная техника","Программная инженерия и компьютерные науки","ОПК","ОПК-7","Способен участвовать в настройке и наладке программно-аппаратных комплексов"
"NSU-ФИТ-17","ФИТ","Бакалавриат","09.03.01","Информатика и вычислительная техника","Программная инженерия и компьютерные науки","ОПК","ОПК-8","Способен разрабатывать алгоритмы и программы, пригодные для практического применения"
"NSU-ФИТ-17","ФИТ","Бакалавриат","09.03.01","Информатика и вычислительная техника","Программная инженерия и компьютерные науки","ОПК","ОПК-9","Способен осваивать методики использования программных средств для решения практических задач"
"NSU-ФИТ-17","ФИТ","Бакалавриат","09.03.01","Информатика и вычислительная техника","Программная инженерия и компьютерные науки","ПКС","ПКС-1","Способен осуществлять концептуальное, функциональное и логическое проектирование систем среднего и крупного масштаба и сложности"
"NSU-ФИТ-17","ФИТ","Бакалавриат","09.03.01","Информатика и вычислительная техника","Программная инженерия и компьютерные науки","ПКС","ПКС-2","Способен разрабатывать компоненты системных программных продуктов"
"NSU-ФИТ-18","ФИТ","Бакалавриат","09.03.01","Информатика и вычислительная техника","Технологии индустриальной программной инженерии","УК","УК-1","Способен осуществлять поиск, критический анализ и синтез информации, применять системный подход для решения поставленных задач"
"NSU-ФИТ-18","ФИТ","Бакалавриат","09.03.01","Информатика и вычислительная техника","Технологии индустриальной программной инженерии","УК","УК-2","Способен определять круг задач в рамках поставленной цели и выбирать оптимальные способы их решения, исходя из действующих правовых норм, имеющихся ресурсов и ограничений"
"NSU-ФИТ-18","ФИТ","Бакалавриат","09.03.01","Информатика и вычислительная техника","Технологии индустриальной программной инженерии","УК","УК-3","Способен осуществлять социальное взаимодействие и реализовывать свою роль в команде"
"NSU-ФИТ-18","ФИТ","Бакалавриат","09.03.01","Информатика и вычислительная техника","Технологии индустриальной программной инженерии","УК","УК-4","Способен осуществлять деловую коммуникацию в устной и письменной формах на государственном языке Российской Федерации и иностранном(ых) языке(ах)"
"NSU-ФИТ-18","ФИТ","Бакалавриат","09.03.01","Информатика и вычислительная техника","Технологии индустриальной программной инженерии","УК","УК-5","Способен воспринимать межкультурное разнообразие общества в социально-историческом, этическом и философском контекстах"
"NSU-ФИТ-18","ФИТ","Бакалавриат","09.03.01","Информатика и вычислительная техника","Технологии индустриальной программной инженерии","УК","УК-6","Способен управлять своим временем, выстраивать и реализовывать траекторию саморазвития на основе принципов образования в течение всей жизни"
"NSU-ФИТ-18","ФИТ","Бакалавриат","09.03.01","Информатика и вычислительная техника","Технологии индустриальной программной инженерии","УК","УК-7","Способен поддерживать должный уровень физической подготовленности для обеспечения полноценной социальной и профессиональной деятельности"
"NSU-ФИТ-18","ФИТ","Бакалавриат","09.03.01","Информатика и вычислительная техника","Технологии индустриальной программной инженерии","УК","УК-8","Способен создавать и поддерживать в повседневной жизни и в профессиональной деятельности безопасные условия жизнедеятельности для сохранения природной среды, обеспечения устойчивого развития общества, в том числе при угрозе и возникновении чрезвычайных ситуаций и военных конфликтов"
"NSU-ФИТ-18","ФИТ","Бакалавриат","09.03.01","Информатика и вычислительная техника","Технологии индустриальной программной инженерии","УК","УК-9","Способен принимать обоснованные экономические решения в различных областях жизнедеятельности"
"NSU-ФИТ-18","ФИТ","Бакалавриат","09.03.01","Информатика и вычислительная техника","Технологии индустриальной программной инженерии","УК","УК-10","Способен формировать нетерпимое отношение к коррупционному поведению"
"NSU-ФИТ-18","ФИТ","Бакалавриат","09.03.01","Информатика и вычислительная техника","Технологии индустриальной программной инженерии","ОПК","ОПК-1","Способен применять естественнонаучные и общеинженерные знания, методы математического анализа и моделирования, теоретического и экспериментального исследования в профессиональной деятельности"
"NSU-ФИТ-18","ФИТ","Бакалавриат","09.03.01","Информатика и вычислительная техника","Технологии индустриальной программной инженерии","ОПК","ОПК-2","Способен понимать принципы работы современных информационных технологий и программных средств, в том числе отечественного производства, и использовать их при решении задач профессиональной деятельности"
"NSU-ФИТ-18","ФИТ","Бакалавриат","09.03.01","Информатика и вычислительная техника","Технологии индустриальной программной инженерии","ОПК","ОПК-3","Способен решать стандартные задачи профессиональной деятельности на основе информационной и библиографический культуры с применением информационно-коммуникационных технологий и с учетом основных требования информационной безопасности"
"NSU-ФИТ-18","ФИТ","Бакалавриат","09.03.01","Информатика и вычислительная техника","Технологии индустриальной программной инженерии","ОПК","ОПК-4","Способен участвовать в разработке стандартов, норм и правил, а также технической документации, связанной с профессиональной деятельностью"
"NSU-ФИТ-18","ФИТ","Бакалавриат","09.03.01","Информатика и вычислительная техника","Технологии индустриальной программной инженерии","ОПК","ОПК-5","Способен инсталлировать программное и аппаратное обеспечение для информационных и автоматизированных систем"
"NSU-ФИТ-18","ФИТ","Бакалавриат","09.03.01","Информатика и вычислительная техника","Технологии индустриальной программной инженерии","ОПК","ОПК-6","Способен разрабатывать бизнес-планы и технические задания на оснащение отделов, лабораторий, офисов компьютерным и сетевым оборудованием"
"NSU-ФИТ-18","ФИТ","Бакалавриат","09.03.01","Информатика и вычислительная техника","Технологии индустриальной программной инженерии","ОПК","ОПК-7","Способен участвовать в настройке и наладке программно-аппаратных комплексов"
"NSU-ФИТ-18","ФИТ","Бакалавриат","09.03.01","Информатика и вычислительная техника","Технологии индустриальной программной инженерии","ОПК","ОПК-8","Способен разрабатывать алгоритмы и программы, пригодные для практического применения"
"NSU-ФИТ-18","ФИТ","Бакалавриат","09.03.01","Информатика и вычислительная техника","Технологии индустриальной программной инженерии","ОПК","ОПК-9","Способен осваивать методики использования программных средств для решения практических задач"
"NSU-ФИТ-18","ФИТ","Бакалавриат","09.03.01","Информатика и вычислительная техника","Технологии индустриальной программной инженерии","ПКС","ПКС-1","Способен разрабатывать требования и проектировать программное обеспечение"
"NSU-ФИТ-19","ФИТ","Магистратура","09.04.01","Информатика и вычислительная техника","Технология разработки программных систем","УК","УК-1","Способен осуществлять критический анализ проблемных ситуаций на основе системного подхода, вырабатывать стратегию действий"
"NSU-ФИТ-19","ФИТ","Магистратура","09.04.01","Информатика и вычислительная техника","Технология разработки программных систем","УК","УК-2","Способен управлять проектом на всех этапах его жизненного цикла"
"NSU-ФИТ-19","ФИТ","Магистратура","09.04.01","Информатика и вычислительная техника","Технология разработки программных систем","УК","УК-3","Способен организовывать и руководить работой команды, вырабатывая командную стратегию для достижения поставленной цели"
"NSU-ФИТ-19","ФИТ","Магистратура","09.04.01","Информатика и вычислительная техника","Технология разработки программных систем","УК","УК-4","Способен применять современные коммуникативные технологии, в том числе на иностранном(ых) языке(ах), для академического и профессионального взаимодействия"
"NSU-ФИТ-19","ФИТ","Магистратура","09.04.01","Информатика и вычислительная техника","Технология разработки программных систем","УК","УК-5","Способен анализировать и учитывать разнообразие культур в процессе межкультурного взаимодействия"
"NSU-ФИТ-19","ФИТ","Магистратура","09.04.01","Информатика и вычислительная техника","Технология разработки программных систем","УК","УК-6","Способен определять и реализовывать приоритеты собственной деятельности и способы ее совершенствования на основе самооценки"
"NSU-ФИТ-19","ФИТ","Магистратура","09.04.01","Информатика и вычислительная техника","Технология разработки программных систем","ОПК","ОПК-1","способен самостоятельно приобретать, развивать и применять математические, естественнонаучные, социально-экономические и профессиональные знания для решения нестандартных задач, в том числе в новой или незнакомой среде и в междисциплинарном контексте"
"NSU-ФИТ-19","ФИТ","Магистратура","09.04.01","Информатика и вычислительная техника","Технология разработки программных систем","ОПК","ОПК-2","способен разрабатывать оригинальные алгоритмы и программные средства, в том числе с использованием современных интеллектуальных технологий, для решения профессиональных задач"
"NSU-ФИТ-19","ФИТ","Магистратура","09.04.01","Информатика и вычислительная техника","Технология разработки программных систем","ОПК","ОПК-3","способен анализировать профессиональную информацию, выделять в ней главное, структурировать, оформлять и представлять в виде аналитических обзоров с обоснованными выводами и рекомендациями"
"NSU-ФИТ-19","ФИТ","Магистратура","09.04.01","Информатика и вычислительная техника","Технология разработки программных систем","ОПК","ОПК-4","способен применять на практике новые научные принципы и методы исследований"
"NSU-ФИТ-19","ФИТ","Магистратура","09.04.01","Информатика и вычислительная техника","Технология разработки программных систем","ОПК","ОПК-5","Способен разрабатывать и модернизировать программное и аппаратное обеспечение информационных и автоматизированных систем"
"NSU-ФИТ-19","ФИТ","Магистратура","09.04.01","Информатика и вычислительная техника","Технология разработки программных систем","ОПК","ОПК-6","Способен разрабатывать компоненты программно-аппаратных комплексов обработки информации и автоматизированного проектирования"
"NSU-ФИТ-19","ФИТ","Магистратура","09.04.01","Информатика и вычислительная техника","Технология разработки программных систем","ОПК","ОПК-7","способен адаптировать зарубежные комплексы обработки информации и автоматизированного проектирования к нуждам отечественных предприятий"
"NSU-ФИТ-19","ФИТ","Магистратура","09.04.01","Информатика и вычислительная техника","Технология разработки программных систем","ОПК","ОПК-8","способен осуществлять эффективное управление разработкой программных средств и проектов"
"NSU-ФИТ-19","ФИТ","Магистратура","09.04.01","Информатика и вычислительная техника","Технология разработки программных систем","ПКС","ПКС-1","Способен осуществлять управление развитием информационной системы организации"
"NSU-ФИТ-19","ФИТ","Магистратура","09.04.01","Информатика и вычислительная техника","Технология разработки программных систем","ПКС","ПКС-2","Способен осуществлять интеграцию разработанного программного обеспечения"
"NSU-ФИТ-20","ФИТ","Магистратура","09.04.01","Информатика и вычислительная техника","Искусственный интеллект и Data Science","УК","УК-1","Способен осуществлять критический анализ проблемных ситуаций на основе системного подхода, вырабатывать стратегию действий"
"NSU-ФИТ-20","ФИТ","Магистратура","09.04.01","Информатика и вычислительная техника","Искусственный интеллект и Data Science","УК","УК-2","Способен управлять проектом на всех этапах его жизненного цикла"
"NSU-ФИТ-20","ФИТ","Магистратура","09.04.01","Информатика и вычислительная техника","Искусственный интеллект и Data Science","УК","УК-3","Способен организовывать и руководить работой команды, вырабатывая командную стратегию для достижения поставленной цели"
"NSU-ФИТ-20","ФИТ","Магистратура","09.04.01","Информатика и вычислительная техника","Искусственный интеллект и Data Science","УК","УК-4","Способен применять современные коммуникативные технологии, в том числе на иностранном(ых) языке(ах), для академического и профессионального взаимодействия"
"NSU-ФИТ-20","ФИТ","Магистратура","09.04.01","Информатика и вычислительная техника","Искусственный интеллект и Data Science","УК","УК-5","Способен анализировать и учитывать разнообразие культур в процессе межкультурного взаимодействия"
"NSU-ФИТ-20","ФИТ","Магистратура","09.04.01","Информатика и вычислительная техника","Искусственный интеллект и Data Science","УК","УК-6","Способен определять и реализовывать приоритеты собственной деятельности и способы ее совершенствования на основе самооценки"
"NSU-ФИТ-20","ФИТ","Магистратура","09.04.01","Информатика и вычислительная техника","Искусственный интеллект и Data Science","ОПК","ОПК-1","способен самостоятельно приобретать, развивать и применять математические, естественнонаучные, социально-экономические и профессиональные знания для решения нестандартных задач, в том числе в новой или незнакомой среде и в междисциплинарном контексте"
"NSU-ФИТ-20","ФИТ","Магистратура","09.04.01","Информатика и вычислительная техника","Искусственный интеллект и Data Science","ОПК","ОПК-2","способен разрабатывать оригинальные алгоритмы и программные средства, в том числе с использованием современных интеллектуальных технологий, для решения профессиональных задач"
"NSU-ФИТ-20","ФИТ","Магистратура","09.04.01","Информатика и вычислительная техника","Искусственный интеллект и Data Science","ОПК","ОПК-3","способен анализировать профессиональную информацию, выделять в ней главное, структурировать, оформлять и представлять в виде аналитических обзоров с обоснованными выводами и рекомендациями"
"NSU-ФИТ-20","ФИТ","Магистратура","09.04.01","Информатика и вычислительная техника","Искусственный интеллект и Data Science","ОПК","ОПК-4","способен применять на практике новые научные принципы и методы исследований"
"NSU-ФИТ-20","ФИТ","Магистратура","09.04.01","Информатика и вычислительная техника","Искусственный интеллект и Data Science","ОПК","ОПК-5","Способен разрабатывать и модернизировать программное и аппаратное обеспечение информационных и автоматизированных систем"
"NSU-ФИТ-20","ФИТ","Магистратура","09.04.01","Информатика и вычислительная техника","Искусственный интеллект и Data Science","ОПК","ОПК-6","Способен разрабатывать компоненты программно-аппаратных комплексов обработки информации и автоматизированного проектирования"
"NSU-ФИТ-20","ФИТ","Магистратура","09.04.01","Информатика и вычислительная техника","Искусственный интеллект и Data Science","ОПК","ОПК-7","способен адаптировать зарубежные комплексы обработки информации и автоматизированного проектирования к нуждам отечественных предприятий"
"NSU-ФИТ-20","ФИТ","Магистратура","09.04.01","Информатика и вычислительная техника","Искусственный интеллект и Data Science","ОПК","ОПК-8","способен осуществлять эффективное управление разработкой программных средств и проектов"
"NSU-ФИТ-20","ФИТ","Магистратура","09.04.01","Информатика и вычислительная техника","Искусственный интеллект и Data Science","ПКС","ПКС-1","Способен разрабатывать программные решения на основе аналитики больших данных"
"NSU-ФИТ-21","ФИТ","Магистратура","09.04.01","Информатика и вычислительная техника","Интернет вещей","УК","УК-1","Способен осуществлять критический анализ проблемных ситуаций на основе системного подхода, вырабатывать стратегию действий"
"NSU-ФИТ-21","ФИТ","Магистратура","09.04.01","Информатика и вычислительная техника","Интернет вещей","УК","УК-2","Способен управлять проектом на всех этапах его жизненного цикла"
"NSU-ФИТ-21","ФИТ","Магистратура","09.04.01","Информатика и вычислительная техника","Интернет вещей","УК","УК-3","Способен организовывать и руководить работой команды, вырабатывая командную стратегию для достижения поставленной цели"
"NSU-ФИТ-21","ФИТ","Магистратура","09.04.01","Информатика и вычислительная техника","Интернет вещей","УК","УК-4","Способен применять современные коммуникативные технологии, в том числе на иностранном(ых) языке(ах), для академического и профессионального взаимодействия"
"NSU-ФИТ-21","ФИТ","Магистратура","09.04.01","Информатика и вычислительная техника","Интернет вещей","УК","УК-5","Способен анализировать и учитывать разнообразие культур в процессе межкультурного взаимодействия"
"NSU-ФИТ-21","ФИТ","Магистратура","09.04.01","Информатика и вычислительная техника","Интернет вещей","УК","УК-6","Способен определять и реализовывать приоритеты собственной деятельности и способы ее совершенствования на основе самооценки"
"NSU-ФИТ-21","ФИТ","Магистратура","09.04.01","Информатика и вычислительная техника","Интернет вещей","ОПК","ОПК-1","способен самостоятельно приобретать, развивать и применять математические, естественнонаучные, социально-экономические и профессиональные знания для решения нестандартных задач, в том числе в новой или незнакомой среде и в междисциплинарном контексте"
"NSU-ФИТ-21","ФИТ","Магистратура","09.04.01","Информатика и вычислительная техника","Интернет вещей","ОПК","ОПК-2","способен разрабатывать оригинальные алгоритмы и программные средства, в том числе с использованием современных интеллектуальных технологий, для решения профессиональных задач"
"NSU-ФИТ-21","ФИТ","Магистратура","09.04.01","Информатика и вычислительная техника","Интернет вещей","ОПК","ОПК-3","способен анализировать профессиональную информацию, выделять в ней главное, структурировать, оформлять и представлять в виде аналитических обзоров с обоснованными выводами и рекомендациями"
"NSU-ФИТ-21","ФИТ","Магистратура","09.04.01","Информатика и вычислительная техника","Интернет вещей","ОПК","ОПК-4","способен применять на практике новые научные принципы и методы исследований"
"NSU-ФИТ-21","ФИТ","Магистратура","09.04.01","Информатика и вычислительная техника","Интернет вещей","ОПК","ОПК-5","Способен разрабатывать и модернизировать программное и аппаратное обеспечение информационных и автоматизированных систем"
"NSU-ФИТ-21","ФИТ","Магистратура","09.04.01","Информатика и вычислительная техника","Интернет вещей","ОПК","ОПК-6","Способен разрабатывать компоненты программно-аппаратных комплексов обработки информации и автоматизированного проектирования"
"NSU-ФИТ-21","ФИТ","Магистратура","09.04.01","Информатика и вычислительная техника","Интернет вещей","ОПК","ОПК-7","способен адаптировать зарубежные комплексы обработки информации и автоматизированного проектирования к нуждам отечественных предприятий"
"NSU-ФИТ-21","ФИТ","Магистратура","09.04.01","Информатика и вычислительная техника","Интернет вещей","ОПК","ОПК-8","способен осуществлять эффективное управление разработкой программных средств и проектов"
"NSU-ФИТ-21","ФИТ","Магистратура","09.04.01","Информатика и вычислительная техника","Интернет вещей","ПКС","ПКС-1","Способен проводить исследования и разработки с целью создания систем интернета вещей"
"NSU-ФИТ-22","ФИТ","Магистратура","09.04.01","Информатика и вычислительная техника","Распределённые системы","УК","УК-1","Способен осуществлять критический анализ проблемных ситуаций на основе системного подхода, вырабатывать стратегию действий"
"NSU-ФИТ-22","ФИТ","Магистратура","09.04.01","Информатика и вычислительная техника","Распределённые системы","УК","УК-2","Способен управлять проектом на всех этапах его жизненного цикла"
"NSU-ФИТ-22","ФИТ","Магистратура","09.04.01","Информатика и вычислительная техника","Распределённые системы","УК","УК-3","Способен организовывать и руководить работой команды, вырабатывая командную стратегию для достижения поставленной цели"
"NSU-ФИТ-22","ФИТ","Магистратура","09.04.01","Информатика и вычислительная техника","Распределённые системы","УК","УК-4","Способен применять современные коммуникативные технологии, в том числе на иностранном(ых) языке(ах), для академического и профессионального взаимодействия"
"NSU-ФИТ-22","ФИТ","Магистратура","09.04.01","Информатика и вычислительная техника","Распределённые системы","УК","УК-5","Способен анализировать и учитывать разнообразие культур в процессе межкультурного взаимодействия"
"NSU-ФИТ-22","ФИТ","Магистратура","09.04.01","Информатика и вычислительная техника","Распределённые системы","УК","УК-6","Способен определять и реализовывать приоритеты собственной деятельности и способы ее совершенствования на основе самооценки"
"NSU-ФИТ-22","ФИТ","Магистратура","09.04.01","Информатика и вычислительная техника","Распределённые системы","ОПК","ОПК-1","способен самостоятельно приобретать, развивать и применять математические, естественнонаучные, социально-экономические и профессиональные знания для решения нестандартных задач, в том числе в новой или незнакомой среде и в междисциплинарном контексте"
"NSU-ФИТ-22","ФИТ","Магистратура","09.04.01","Информатика и вычислительная техника","Распределённые системы","ОПК","ОПК-2","способен разрабатывать оригинальные алгоритмы и программные средства, в том числе с использованием современных интеллектуальных технологий, для решения профессиональных задач"
"NSU-ФИТ-22","ФИТ","Магистратура","09.04.01","Информатика и вычислительная техника","Распределённые системы","ОПК","ОПК-3","способен анализировать профессиональную информацию, выделять в ней главное, структурировать, оформлять и представлять в виде аналитических обзоров с обоснованными выводами и рекомендациями"
"NSU-ФИТ-22","ФИТ","Магистратура","09.04.01","Информатика и вычислительная техника","Распределённые системы","ОПК","ОПК-4","способен применять на практике новые научные принципы и методы исследований"
"NSU-ФИТ-22","ФИТ","Магистратура","09.04.01","Информатика и вычислительная техника","Распределённые системы","ОПК","ОПК-5","Способен разрабатывать и модернизировать программное и аппаратное обеспечение информационных и автоматизированных систем"
"NSU-ФИТ-22","ФИТ","Магистратура","09.04.01","Информатика и вычислительная техника","Распределённые системы","ОПК","ОПК-6","Способен разрабатывать компоненты программно-аппаратных комплексов обработки информации и автоматизированного проектирования"
"NSU-ФИТ-22","ФИТ","Магистратура","09.04.01","Информатика и вычислительная техника","Распределённые системы","ОПК","ОПК-7","способен адаптировать зарубежные комплексы обработки информации и автоматизированного проектирования к нуждам отечественных предприятий"
"NSU-ФИТ-22","ФИТ","Магистратура","09.04.01","Информатика и вычислительная техника","Распределённые системы","ОПК","ОПК-8","способен осуществлять эффективное управление разработкой программных средств и проектов"
"NSU-ФИТ-22","ФИТ","Магистратура","09.04.01","Информатика и вычислительная техника","Распределённые системы","ПКС","ПКС-1","Способен к проведению исследовательских работ в области анализа эффективности и безопасности распределенных систем"
